dbid,gameid,moveid,row0,row1,row2,row3,row4,row5,row6,row7,row8,row9,row10,row11,row12,row13,row14,row15,row16,row17,row18,row19,row20,row21,row22
1,1,1,xxxxxxxxKCKDKHKS,,,,,,,,,,,,,,,,,,,,,,
2,2,2,xxxxxxxxxxxxxxxx,4SJD3SQH7D4C2S3C,7S9C7HJS5HAC8CAD,KS3DTH2C6CASQC9D,3HAH9H4D8DKH8H8S,KC6D5SKD6S7C5D5C,6HQS2DTDTS4HJH2H,TCQDJC9Sxxxxxxxx,,,,,,,,,,,,,,,
3,2,3,xxxxxxxxxxxxxxxx,4SJD3SQH7D4C2S3C,7S9C7HJS5HAC8CAD,KS3DTH2C6CASQC9D,3HAH9H4D8DKH8H8S,KC6D5SKD6S7C5D5C,6HQS2DTDTS4HJH2H,xxQDJC9SxxxxTCxx,,,,,,,,,,,,,,,
230,3,1,xxxxxxxxxxxxxxxx,5HKH2SAC7C6S8DKD,6CTS3C4C3D9H4H3H,3S7S9CAD2D9STH5C,TC2C9DJSJC6H7DQD,JH5SAHKSQH2H4S8H,4DTDQC5D8CQS8S6D,7HJDASKCxxxxxxxx,,,,,,,,,,,,,,,
231,3,2,xxxxxxxxxxxxxxAS,5HKH2SAC7C6S8DKD,6CTS3C4C3D9H4H3H,3S7S9CAD2D9STH5C,TC2C9DJSJC6H7DQD,JH5SAHKSQH2H4S8H,4DTDQC5D8CQS8S6D,7HJDxxKCxxxxxxxx,,,,,,,,,,,,,,,
232,3,3,QCxxxxxxxxxxxxAS,5HKH2SAC7C6S8DKD,6CTS3C4C3D9H4H3H,3S7S9CAD2D9STH5C,TC2C9DJSJC6H7DQD,JH5SAHKSQH2H4S8H,4DTDxx5D8CQS8S6D,7HJDxxKCxxxxxxxx,,,,,,,,,,,,,,,
337,4,1,xxxxxxxxxxxxxxxx,KD7D6DADKC9C5C9D,7S2HQH7H3CACASJC,KH3DQD2D5S6H5DJS,KSTS4H3S5HAH6CQC,2S4D7CJD8CQS4C3H,4S8D8STCTD8H2CJH,9H6STH9Sxxxxxxxx,,,,,,,,,,,,,,,
338,4,2,xxxxxxxxxxxxxxxx,KD7D6DADKC9C5C9D,7S2HQH7H3CACASJC,KH3DQD2D5S6H5DJS,KSTS4H3S5HAH6CQC,2S4D7CJD8CQS4C3H,4S8D8STCTD8H2CJH,9H6STHxx9Sxxxxxx,,,,,,,,,,,,,,,
339,4,3,xxxxxxxxxxxxxxxx,KD7D6DADKC9C5C9D,7S2HQH7H3CACASJC,KH3DQD2D5S6H5DJS,KSTS4H3S5HAH6CQC,2S4D7CJD8CQS4C3H,4S8D8STCTDxx2CJH,9H6STHxx9Sxxxxxx,xxxxxxxx8Hxxxxxx,,,,,,,,,,,,,,
459,5,1,xxxxxxxxxxxxxxxx,QDKH5C6S4S9H2SAD,6CKDTC7CQS5H8HTH,JC4H5DACJH3D3S6D,4D8C2HQHJS8D7SJD,2DTS3CKS9D2C5S4C,6H3HAH7HQC8STD7D,9S9CKCASxxxxxxxx,,,,,,,,,,,,,,,
460,5,2,xxxxxxxxxxxxxxAS,QDKH5C6S4S9H2SAD,6CKDTC7CQS5H8HTH,JC4H5DACJH3D3S6D,4D8C2HQHJS8D7SJD,2DTS3CKS9D2C5S4C,6H3HAH7HQC8STD7D,9S9CKCxxxxxxxxxx,,,,,,,,,,,,,,,
461,5,3,xxxxxxxxxxxxxxAS,QDKH5C6S4S9H2SAD,6CKDTC7CQS5H8HTH,JC4H5DACJH3D3S6D,4D8C2HQHJS8D7SJD,2DTS3CKS9D2C5S4C,6H3HAH7HQC8STDxx,9S9CKCxxxx7Dxxxx,,,,,,,,,,,,,,,
613,6,1,xxxxxxxxxxxxxxxx,QHKH9D7D7STS5C3H,QC8HAHTD2S6D4C8C,8D9CTHJH8S2C5H6H,JD5STC6CKC3D7H4S,KSAD6SACAS9H3C5D,2D3S2HKDQS7CQD4H,JS9S4DJCxxxxxxxx,,,,,,,,,,,,,,,
614,6,2,xxxxxxxxxxxxxxxx,QHKH9D7D7STS5C3H,QC8HAHTD2S6D4C8C,8D9CTHJH8S2C5H6H,JD5STC6CKC3D7H4S,KSAD6SACAS9H3C5D,2D3S2HKDQS7CQD4H,JS9S4DxxxxxxJCxx,,,,,,,,,,,,,,,
615,6,3,KDxxxxxxxxxxxxxx,QHKH9D7D7STS5C3H,QC8HAHTD2S6D4C8C,8D9CTHJH8S2C5H6H,JD5STC6CKC3D7H4S,KSAD6SACAS9H3C5D,2D3S2HxxQS7CQD4H,JS9S4DxxxxxxJCxx,,,,,,,,,,,,,,,
807,7,1,xxxxxxxxxxxxxxxx,6H6D7D3S4HAD7SKS,2SJC5C2HAS8CTSKD,9HJDQDAC8S6C4DJH,7C8H5H2C8D9S3CQC,JSTD9C2DTH3H5D5S,4SKC7H6S4CKH3D9D,TCAHQSQHxxxxxxxx,,,,,,,,,,,,,,,
808,7,2,xxxxxxxxxxxxxxxx,6H6D7D3S4HAD7SKS,2SJC5C2HAS8CTSKD,9HJDQDAC8S6C4DJH,7C8H5H2C8D9S3CQC,JSTD9C2DTH3H5D5S,4SKC7H6S4CKH3D9D,TCAHQSQHxxxxxxxx,,,,,,,,,,,,,,,
809,7,3,xxxxxxxxxxxxAHxx,6H6D7D3S4HAD7SKS,2SJC5C2HAS8CTSKD,9HJDQDAC8S6C4DJH,7C8H5H2C8D9S3CQC,JSTD9C2DTH3H5D5S,4SKC7H6S4CKH3D9D,TCxxQSQHxxxxxxxx,,,,,,,,,,,,,,,
980,8,1,xxxxxxxxxxxxxxxx,QSAD8C2SQH2HTS3C,QCJH2DKH4DTC9CKC,KS4HKD6D2C5D7CTH,7H6SQDAC8DASJC6C,9HTD3D5C5S7S6H9S,7D4C4S5HJS3HAH8S,8H3SJD9Dxxxxxxxx,,,,,,,,,,,,,,,
981,8,2,xxxxxxxxxxxxAHxx,QSAD8C2SQH2HTS3C,QCJH2DKH4DTC9CKC,KS4HKD6D2C5D7CTH,7H6SQDAC8DASJC6C,9HTD3D5C5S7S6H9S,7D4C4S5HJS3Hxx8S,8H3SJD9Dxxxxxxxx,,,,,,,,,,,,,,,
982,8,3,xxxxxxxxxxxxAHxx,QSAD8C2SQH2HTS3C,QCJH2DKH4DTC9CKC,KS4HKD6D2C5D7CTH,7H6SQDAC8DASJC6C,9HTD3D5C5S7S6H9S,7D4C4S5HJS3Hxxxx,8H3SJD9Dxxxxxxxx,xxxxxx8Sxxxxxxxx,,,,,,,,,,,,,,
1098,9,1,xxxxxxxxxxxxxxxx,9S9D6D2C2H6S3DJH,4S6CQDQS7D8H8DKS,9C6HKD3CQH2SAD5S,AHTSJSASKHTD4H7H,5CJDTH3HQC9H3SKC,5H4C5DAC2DTC7C8C,4D8SJC7Sxxxxxxxx,,,,,,,,,,,,,,,
1099,9,2,7Sxxxxxxxxxxxxxx,9S9D6D2C2H6S3DJH,4S6CQDQS7D8H8DKS,9C6HKD3CQH2SAD5S,AHTSJSASKHTD4H7H,5CJDTH3HQC9H3SKC,5H4C5DAC2DTC7C8C,4D8SJCxxxxxxxxxx,,,,,,,,,,,,,,,
1100,9,3,7SxxxxxxACxxxxxx,9S9D6D2C2H6S3DJH,4S6CQDQS7D8H8DKS,9C6HKD3CQH2SAD5S,AHTSJSASKHTD4H7H,5CJDTH3HQC9H3SKC,5H4C5Dxx2DTC7C8C,4D8SJCxxxxxxxxxx,,,,,,,,,,,,,,,
1210,10,1,xxxxxxxxxxxxxxxx,QS2S5S7DTH8S9C8C,QC7S2C6D5D3S8D8H,2H5HJH6C3H9HACKC,7C6S4CTDJCTS4S2D,KD3D3CKSAD4H5C9D,TC6H9SJDKHASAHQD,QH7H4DJSxxxxxxxx,,,,,,,,,,,,,,,
1211,10,2,xxxxxxxxxxxxAHxx,QS2S5S7DTH8S9C8C,QC7S2C6D5D3S8D8H,2H5HJH6C3H9HACKC,7C6S4CTDJCTS4S2D,KD3D3CKSAD4H5C9D,TC6H9SJDKHASxxQD,QH7H4DJSxxxxxxxx,,,,,,,,,,,,,,,
1212,10,3,7HxxxxxxxxxxAHxx,QS2S5S7DTH8S9C8C,QC7S2C6D5D3S8D8H,2H5HJH6C3H9HACKC,7C6S4CTDJCTS4S2D,KD3D3CKSAD4H5C9D,TC6H9SJDKHASxxQD,QHxx4DJSxxxxxxxx,,,,,,,,,,,,,,,
1351,11,1,xxxxxxxxxxxxxxxx,2S2HKC5D7H2DQCJS,JCQDAH6HASTC3CKS,KH5SAC3S8CTD8S7D,JHTH4S9D4D6S4H3H,QS6CTS7S9S3D7C5C,6D8DQHJD8H9CKD5H,2C4CAD9Hxxxxxxxx,,,,,,,,,,,,,,,
1352,11,2,xxxxxxxxxxADxxxx,2S2HKC5D7H2DQCJS,JCQDAH6HASTC3CKS,KH5SAC3S8CTD8S7D,JHTH4S9D4D6S4H3H,QS6CTS7S9S3D7C5C,6D8DQHJD8H9CKD5H,2C4Cxx9Hxxxxxxxx,,,,,,,,,,,,,,,
1353,11,3,xxxxxxxxxxADxxxx,2S2HKC5D7H2DQCJS,JCQDAH6HASTC3CKS,KH5SAC3S8CTD8S7D,JHTH4S9D4D6S4H3H,QS6CTS7S9S3D7C5C,6D8DQHJD8H9CKD5H,2Cxxxx9Hxxxxxx4C,,,,,,,,,,,,,,,
1476,12,1,xxxxxxxxxxxxxxxx,2S5H7HACAS6C2HAH,3HQC5CKCTD9C7DTH,9SKHJD3D4H7S3C5S,JS2D8C8SKD8DQD6S,TS4CQH4D4S2C8HTC,9D9H7CKS6DJC6H3S,QS5DJHADxxxxxxxx,,,,,,,,,,,,,,,
1491,12,2,xxxxxxxxxxxxxxxx,2S5H7HACAS6C2HAH,3HQC5CKCTD9C7DTH,9SKHJD3D4H7S3C5S,JS2D8C8SKD8DQD6S,TS4CQH4D4S2C8HTC,9D9H7CKS6DJC6H3S,QS5DJHADxxxxxxxx,,,,,,,,,,,,,,,
1492,12,3,xxxxxxxxxxADxxxx,2S5H7HACAS6C2HAH,3HQC5CKCTD9C7DTH,9SKHJD3D4H7S3C5S,JS2D8C8SKD8DQD6S,TS4CQH4D4S2C8HTC,9D9H7CKS6DJC6H3S,QS5DJHxxxxxxxxxx,,,,,,,,,,,,,,,
1640,13,1,xxxxxxxxxxxxxxxx,QC6H3S7C6S9DAC7H,2H3H3CTDQH2D7S5C,9S4C4SQSAS5SJDAH,TS9C8S4H2C9H7DJS,TCQD2S5DKC8CKH8H,6DKSJC5H8DKD6CJH,AD3D4DTHxxxxxxxx,,,,,,,,,,,,,,,
1641,13,2,xxxxxxxxxxADxxxx,QC6H3S7C6S9DAC7H,2H3H3CTDQH2D7S5C,9S4C4SQSAS5SJDAH,TS9C8S4H2C9H7DJS,TCQD2S5DKC8CKH8H,6DKSJC5H8DKD6CJH,xx3D4DTHxxxxxxxx,,,,,,,,,,,,,,,
1642,13,3,6DxxxxxxxxADxxxx,QC6H3S7C6S9DAC7H,2H3H3CTDQH2D7S5C,9S4C4SQSAS5SJDAH,TS9C8S4H2C9H7DJS,TCQD2S5DKC8CKH8H,xxKSJC5H8DKD6CJH,xx3D4DTHxxxxxxxx,,,,,,,,,,,,,,,
1758,14,1,xxxxxxxxxxxxxxxx,8DKH2D9S7C8S3CTH,QCQSTDAH9DAS3HJS,8C3D6HJD4CKC5C7S,5S6SQD2C8HKSJHTS,JCKDAD4H6CQH5D2H,9C4D9H4S3STC2S7H,5HAC7D6Dxxxxxxxx,,,,,,,,,,,,,,,
1759,14,2,xxxxxxxxACxxxxxx,8DKH2D9S7C8S3CTH,QCQSTDAH9DAS3HJS,8C3D6HJD4CKC5C7S,5S6SQD2C8HKSJHTS,JCKDAD4H6CQH5D2H,9C4D9H4S3STC2S7H,5Hxx7D6Dxxxxxxxx,,,,,,,,,,,,,,,
1761,15,1,xxxxxxxxxxxxxxxx,5CKHJS3S6STDAS2S,9D3H5DJH2H7HQD2D,QH6D4CACKC7S4S4H,AH7C4DTSTH2CADJD,JC5H7DTC8H8D5S9S,3D9H6CQS6HQCKDKS,9C3C8S8Cxxxxxxxx,,,,,,,,,,,,,,,
1762,15,2,xxxxxxxxxxxxxxxx,5CKHJS3S6STDAS2S,9D3H5DJH2H7HQD2D,QH6D4CACKC7S4S4H,AH7C4DTSTH2CADJD,JC5H7DTC8H8D5S9S,3D9H6CQS6HxxKDKS,9C3C8S8CxxxxQCxx,,,,,,,,,,,,,,,
1763,15,3,xxxxxxxxxxxxxxxx,5CKHJS3S6STDAS2S,9D3H5DJH2H7HQD2D,QH6D4CACKC7S4S4H,AH7C4DTSTH2CADJD,JC5H7DTC8Hxx5S9S,3D9H6CQS6HxxKDKS,9C3C8S8CxxxxQCxx,8Dxxxxxxxxxxxxxx,,,,,,,,,,,,,,
1906,16,1,xxxxxxxxxxxxxxxx,8C6S3S4STD3HAC3C,TC8DJDQDAHKHKC6D,5D7S7D9H2C9D7H4H,7C8SQC5C9SQS3DTS,6HJS8H9CTH4DKDAD,JCJHKS2D4C2SQH6C,5H5SAS2Hxxxxxxxx,,,,,,,,,,,,,,,
1907,16,2,xxxxxxxxxxxxxxAS,8C6S3S4STD3HAC3C,TC8DJDQDAHKHKC6D,5D7S7D9H2C9D7H4H,7C8SQC5C9SQS3DTS,6HJS8H9CTH4DKDAD,JCJHKS2D4C2SQH6C,5H5Sxx2Hxxxxxxxx,,,,,,,,,,,,,,,
1908,16,3,xxxxxxxxxxxxxxAS,8C6S3S4STD3HAC3C,TC8DJDQDAHKHKC6D,5D7S7D9H2C9D7H4H,7C8SQC5C9SQS3DTS,6HJS8H9CTH4DKDAD,JCJHKS2D4C2SQH6C,xx5Sxx2Hxxxxxx5H,,,,,,,,,,,,,,,
2010,17,1,xxxxxxxxxxxxxxxx,KC8H3H9H9C6HTH4C,JHQC8CJD5H2C2DTS,3C5S4SJS4D9D6D9S,AC7D7S4HKH8SQHKD,7HTCTDQS2H5D2S5C,QD7CADKSAHJCAS8D,3D6C3S6Sxxxxxxxx,,,,,,,,,,,,,,,
2011,17,2,xxxxxxxxxxxxxxAS,KC8H3H9H9C6HTH4C,JHQC8CJD5H2C2DTS,3C5S4SJS4D9D6D9S,AC7D7S4HKH8SQHKD,7HTCTDQS2H5D2S5C,QD7CADKSAHJCxx8D,3D6C3S6Sxxxxxxxx,,,,,,,,,,,,,,,
2012,17,3,xxxxxxxxxxxxxx2S,KC8H3H9H9C6HTH4C,JHQC8CJD5H2C2DTS,3C5S4SJS4D9D6D9S,AC7D7S4HKH8SQHKD,7HTCTDQS2H5Dxx5C,QD7CADKSAHJCxx8D,3D6C3S6Sxxxxxxxx,,,,,,,,,,,,,,,
2107,18,1,xxxxxxxxxxxxxxxx,5SACTC6CKC9SKD7S,AH8S2CQD3C8CJD2H,JCAD4S5C4H3H2STH,JSKH9C8DASQSQH6S,JH4C5HQC7H6HKS5D,9H3S4D7CTD7D9D8H,TS2D6D3Dxxxxxxxx,,,,,,,,,,,,,,,
2108,18,2,xxxxxxxxxxxxxxxx,5SACTC6CKC9SKD7S,AH8S2CQD3C8CJD2H,JCAD4S5C4H3H2STH,JSKH9C8DASQSQH6S,JH4C5HQC7H6HKS5D,9H3S4D7CTD7Dxx8H,TS2D6D3Dxxxxxxxx,9Dxxxxxxxxxxxxxx,,,,,,,,,,,,,,
2109,18,3,3Dxxxxxxxxxxxxxx,5SACTC6CKC9SKD7S,AH8S2CQD3C8CJD2H,JCAD4S5C4H3H2STH,JSKH9C8DASQSQH6S,JH4C5HQC7H6HKS5D,9H3S4D7CTD7Dxx8H,TS2D6Dxxxxxxxxxx,9Dxxxxxxxxxxxxxx,,,,,,,,,,,,,,
2237,19,1,xxxxxxxxxxxxxxxx,TD6SJC3STSQHJD2C,3C6H8D9SKCJH6D9C,KD5H7HTC4D8C2S2H,ADKH5STHKS5CJSQD,9H4S4CQC2DAH7C8H,3D4H9DQS7S7DASAC,3H5D8S6Cxxxxxxxx,,,,,,,,,,,,,,,
2238,19,2,xxxxxxxxxxxxxxAS,TD6SJC3STSQHJD2C,3C6H8D9SKCJH6D9C,KD5H7HTC4D8C2S2H,ADKH5STHKS5CJSQD,9H4S4CQC2DAH7C8H,3D4H9DQS7S7DxxAC,3H5D8S6Cxxxxxxxx,,,,,,,,,,,,,,,
2239,19,3,xxxxxxxxACxxxxAS,TD6SJC3STSQHJD2C,3C6H8D9SKCJH6D9C,KD5H7HTC4D8C2S2H,ADKH5STHKS5CJSQD,9H4S4CQC2DAH7C8H,3D4H9DQS7S7Dxxxx,3H5D8S6Cxxxxxxxx,,,,,,,,,,,,,,,
2334,20,1,xxxxxxxxxxxxxxxx,KH3H4S3C9H6S9S7C,2HJDJS8C4D6H8H4C,8SKD7S3DQSTD4H9D,JC5DKCJH7H2SQHTS,9CAD3S5HAC2C7D8D,AS2DQD6DKSTHAH5S,6C5CQCTCxxxxxxxx,,,,,,,,,,,,,,,
2335,20,2,xxxxxxxxxxxxAHxx,KH3H4S3C9H6S9S7C,2HJDJS8C4D6H8H4C,8SKD7S3DQSTD4H9D,JC5DKCJH7H2SQHTS,9CAD3S5HAC2C7D8D,AS2DQD6DKSTHxx5S,6C5CQCTCxxxxxxxx,,,,,,,,,,,,,,,
2336,20,3,xxxxxxxxxxxxAHxx,KH3H4S3C9H6S9S7C,2HJDJS8C4D6H8H4C,8SKD7S3DQSTD4H9D,JC5DKCJH7H2SQHTS,9CAD3S5HAC2C7D8D,AS2DQD6DKSTH6C5S,xx5CQCTCxxxxxxxx,,,,,,,,,,,,,,,
2751,21,1,xxxxxxxxxxxxxxxx,4DAS5D6HKC8S7DQD,7S3C6DKHAH2H4SKD,3D2DAC9CQH5C9D8H,JSTC3H7CKSJCTD2S,8DQS8C9HJD5SQC7H,TS6S3S2C4C5H9S6C,ADTHJH4Hxxxxxxxx,,,,,,,,,,,,,,,
2752,21,2,xxxxxxxxxxxxxxxx,4DAS5D6HKC8S7DQD,7S3C6DKHAH2H4SKD,3D2DAC9CQH5C9D8H,JSTC3H7CKSJCTD2S,8DQS8C9HJD5SQC7H,TS6S3S2C4C5H9S6C,ADTHJH4Hxxxxxxxx,,,,,,,,,,,,,,,
2753,21,3,xxxxxxxxxxADxxxx,4DAS5D6HKC8S7DQD,7S3C6DKHAH2H4SKD,3D2DAC9CQH5C9D8H,JSTC3H7CKSJCTD2S,8DQS8C9HJD5SQC7H,TS6S3S2C4C5H9S6C,xxTHJH4Hxxxxxxxx,,,,,,,,,,,,,,,
2869,22,1,xxxxxxxxxxxxxxxx,6H9DKD3S4S9C6SQH,4HTDAS8D9HKC7C2C,5CQSJD3D7SQDAC3C,7D5D2H6DTC8H7H6C,JS5HJHAH2DAD3H4C,2SQC4DTHTSKS8S8C,9SKH5SJCxxxxxxxx,,,,,,,,,,,,,,,
2870,22,2,xxxxxxxxxxxxxxxx,6H9DKD3S4S9C6SQH,4HTDAS8D9HKC7C2C,5CQSJD3D7SQDAC3C,7D5D2H6DTC8H7H6C,JS5HJHAH2DAD3H4C,2SQC4DTHTSKS8S8C,9SKH5SJCxxxxxxxx,,,,,,,,,,,,,,,
2871,22,3,xxxxxxxxxxxxxxxx,6H9DKD3S4S9C6SQH,4HTDAS8D9HKC7C2C,5CQSJD3D7SQDAC3C,7D5D2H6DTC8H7H6C,JS5HJHAH2DAD3H4C,2SQC4DTHTSKS8S8C,9SKH5SJCxxxxxxxx,,,,,,,,,,,,,,,
2967,23,1,xxxxxxxxxxxxxxxx,TCAD6DAH9C8H5D8D,AS5C8SJCTS2DKD5S,7D4S3CJS4D4H2SQC,KC2HQD8CJH2CTDTH,7HKHJD4CQS9DKSAC,6C7S9H6H9SQH3S7C,3H5H6S3Dxxxxxxxx,,,,,,,,,,,,,,,
2968,23,2,7Cxxxxxxxxxxxxxx,TCAD6DAH9C8H5D8D,AS5C8SJCTS2DKD5S,7D4S3CJS4D4H2SQC,KC2HQD8CJH2CTDTH,7HKHJD4CQS9DKSAC,6C7S9H6H9SQH3Sxx,3H5H6S3Dxxxxxxxx,,,,,,,,,,,,,,,
2969,23,3,7CxxxxxxACxxxxxx,TCAD6DAH9C8H5D8D,AS5C8SJCTS2DKD5S,7D4S3CJS4D4H2SQC,KC2HQD8CJH2CTDTH,7HKHJD4CQS9DKSxx,6C7S9H6H9SQH3Sxx,3H5H6S3Dxxxxxxxx,,,,,,,,,,,,,,,
3243,24,1,xxxxxxxxxxxxxxxx,6D4H6H9C2C5C3H4S,5SADKSAC6STS4DKD,QC8HASTHKH7S9S2H,TD2SAH6C8S5HJC2D,JS8CQD8D4C3D5D3S,QHJDTC7DKC7H7CJH,9D3C9HQSxxxxxxxx,,,,,,,,,,,,,,,
3244,24,2,xxxxxxxxxxxxxxxx,6D4H6H9C2C5C3H4S,5SADKSAC6STS4DKD,QC8HASTHKH7S9S2H,TD2SAH6C8S5HJC2D,JS8CQD8D4C3D5D3S,QHJDTC7DKC7H7Cxx,9D3C9HQSxxxxxxxx,xxxxxxJHxxxxxxxx,,,,,,,,,,,,,,
3245,24,3,9Hxxxxxxxxxxxxxx,6D4H6H9C2C5C3H4S,5SADKSAC6STS4DKD,QC8HASTHKH7S9S2H,TD2SAH6C8S5HJC2D,JS8CQD8D4C3D5D3S,QHJDTC7DKC7H7Cxx,9D3CxxQSxxxxxxxx,xxxxxxJHxxxxxxxx,,,,,,,,,,,,,,
3342,25,1,xxxxxxxxxxxxxxxx,6DQH2DJD6H8H7C7H,7S4S6STCQC2CASTH,6C4D9DKCJH2SJS9H,7DACKD9C5HQS3D9S,4H3HKSQDTS5DAH2H,5S8D4C8C3C3SJCKH,8SAD5CTDxxxxxxxx,,,,,,,,,,,,,,,
3343,25,2,xxxxxxxxxxADxxxx,6DQH2DJD6H8H7C7H,7S4S6STCQC2CASTH,6C4D9DKCJH2SJS9H,7DACKD9C5HQS3D9S,4H3HKSQDTS5DAH2H,5S8D4C8C3C3SJCKH,8Sxx5CTDxxxxxxxx,,,,,,,,,,,,,,,
3344,25,3,JCxxxxxxxxADxxxx,6DQH2DJD6H8H7C7H,7S4S6STCQC2CASTH,6C4D9DKCJH2SJS9H,7DACKD9C5HQS3D9S,4H3HKSQDTS5DAH2H,5S8D4C8C3C3SxxKH,8Sxx5CTDxxxxxxxx,,,,,,,,,,,,,,,
3401,25,2,xxxxxxxxxxxxxxxx,6DQH2DJD6H8H7C7H,7S4S6STCQC2CASTH,6C4D9DKCJH2SJS9H,7DACKD9C5HQS3D9S,4H3HKSQDTS5DAH2H,5S8D4C8C3C3SJCKH,8SAD5CTDxxxxxxxx,,,,,,,,,,,,,,,
3475,26,1,xxxxxxxxxxxxxxxx,6D9H7CACAD6CTC4C,QD5H4S7SJSTS2S7H,QCKDTD4D2CJD3S6S,KC3D8CKSTHQH8S9D,3C3HJHJCQS5C7D8D,AS9S4H2D2H5D8H6H,AH9C5SKHxxxxxxxx,,,,,,,,,,,,,,,
3476,26,2,xxxxxxxxxxxxAHxx,6D9H7CACAD6CTC4C,QD5H4S7SJSTS2S7H,QCKDTD4D2CJD3S6S,KC3D8CKSTHQH8S9D,3C3HJHJCQS5C7D8D,AS9S4H2D2H5D8H6H,xx9C5SKHxxxxxxxx,,,,,,,,,,,,,,,
3477,26,3,xxxxxxxxxxxx2Hxx,6D9H7CACAD6CTC4C,QD5H4S7SJSTS2S7H,QCKDTD4D2CJD3S6S,KC3D8CKSTHQH8S9D,3C3HJHJCQS5C7D8D,AS9S4H2Dxx5D8H6H,xx9C5SKHxxxxxxxx,,,,,,,,,,,,,,,
3684,27,1,xxxxxxxxxxxxxxxx,5D6HTC9DKH8DTHAC,5H3S4CAS4D7STD7D,JCJHQH7CJDKC2HQD,9HKS5S8C4S9S2S8S,2DAHADQS4H6S8H9C,QC3C6C3H6DTS5CKD,7HJS2C3Dxxxxxxxx,,,,,,,,,,,,,,,
3685,27,2,2Cxxxxxxxxxxxxxx,5D6HTC9DKH8DTHAC,5H3S4CAS4D7STD7D,JCJHQH7CJDKC2HQD,9HKS5S8C4S9S2S8S,2DAHADQS4H6S8H9C,QC3C6C3H6DTS5CKD,7HJSxx3Dxxxxxxxx,Solved: See gameid 93,,,,,,,,,,,,,,
3686,27,3,2Cxxxxxxxxxxxxxx,5D6HTC9DKH8DTHAC,5H3S4CAS4D7STD7D,JCJHQH7CJDKC2HQD,9HKS5S8C4S9S2S8S,2DAHADQS4H6S8H9C,QC3Cxx3H6DTS5CKD,7HJSxx3Dxxxxxxxx,6Cxxxxxxxxxxxxxx,,,,,,,,,,,,,,
3716,28,1,xxxxxxxxxxxxxxxx,TSJH3D7D4D3H2C3C,QC5HAC2SQDJDTH5C,5S2D8D3S4SKSTD6C,KH6S2H8S8C6D7S9H,QHAD5D9S6H4CJSAH,KC9DASQS7HTC8H7C,9CJC4HKDxxxxxxxx,,,,,,,,,,,,,,,
3717,28,2,9Cxxxxxxxxxxxxxx,TSJH3D7D4D3H2C3C,QC5HAC2SQDJDTH5C,5S2D8D3S4SKSTD6C,KH6S2H8S8C6D7S9H,QHAD5D9S6H4CJSAH,KC9DASQS7HTC8H7C,xxJC4HKDxxxxxxxx,,,,,,,,,,,,,,,
3718,28,3,9Cxxxxxxxxxxxxxx,TSJH3D7D4D3H2C3C,QC5HAC2SQDJDTH5C,5S2D8D3S4SKSTD6C,KH6S2H8S8C6D7S9H,QHAD5D9S6H4CJSAH,KC9DASQS7HTC8Hxx,xxJC4HKDxxxx7Cxx,,,,,,,,,,,,,,,
3721,28,2,xxxxxxxxxxxxxxxx,TSJH3D7D4D3H2C3C,QC5HAC2SQDJDTH5C,5S2D8D3S4SKSTD6C,KH6S2H8S8C6D7S9H,QHAD5D9S6H4CJSAH,KC9DASQS7HTC8H7C,9CJC4HKDxxxxxxxx,,,,,,,,,,,,,,,
3722,28,3,xxxxxxxxxxxxxxxx,TSJH3D7D4D3H2C3C,QC5HAC2SQDJDTH5C,5S2D8D3S4SKSTD6C,KH6S2H8S8C6D7S9H,QHAD5D9S6H4CJSAH,KC9DASQS7HTCxx7C,9CJC4HKDxxxxxxxx,8Hxxxxxxxxxxxxxx,,,,,,,,,,,,,,
3832,29,1,xxxxxxxxxxxxxxxx,JH8C4S7S6SKHKC9S,4C3DQSJC6D9D2S8H,TS8S2D2CKD3HAD5C,TDQHASKS9CTCTH2H,7D5D4H3CJD4D5S9H,JSACQCAH7C6C8D5H,6H7HQD3Sxxxxxxxx,,,,,,,,,,,,,,,
3833,29,2,xxxxxxxxxxxxxxxx,JH8C4S7S6SKHKC9S,4C3DQSJC6D9D2S8H,TS8S2D2CKD3HAD5C,TDQHASKS9CTCTH2H,7D5D4H3CJD4D5S9H,JSACQCAHxx6C8D5H,6H7HQD3Sxxxx7Cxx,,,,,,,,,,,,,,,
3834,29,3,xxxxxxxxxxxxxxxx,JH8C4S7S6SKHKC9S,4C3DQSJC6D9D2S8H,TS8S2D2CKD3HAD5C,TDQHASKS9CTCTH2H,7D5D4H3CJD4D5S9H,JSACQCAHxx6C8Dxx,6H7HQD3Sxx5H7Cxx,,,,,,,,,,,,,,,
3870,29,2,xxxxxxxxxxxxxxxx,JH8C4S7S6SKHKC9S,4C3DQSJC6D9D2S8H,TS8S2D2CKD3HAD5C,TDQHASKS9CTCTH2H,7D5D4H3CJD4D5S9H,JSACQCAH7C6C8D5H,6H7HQD3Sxxxxxxxx,,,,,,,,,,,,,,,
3871,29,3,7Cxxxxxxxxxxxxxx,JH8C4S7S6SKHKC9S,4C3DQSJC6D9D2S8H,TS8S2D2CKD3HAD5C,TDQHASKS9CTCTH2H,7D5D4H3CJD4D5S9H,JSACQCAHxx6C8D5H,6H7HQD3Sxxxxxxxx,,,,,,,,,,,,,,,
3970,30,1,xxxxxxxxxxxxxxxx,JS8C9S5DAC4S3C6H,2DJHTHTS7H5H3H6C,2SAH6D6S4CQD4HJD,2HQH7DKDTCKHTD7S,8S5S3S4D9D7CQC2C,ASKSJC5C9C8D9H3D,ADKCQS8Hxxxxxxxx,,,,,,,,,,,,,,,
3971,30,2,xxxxxxxxxxADxxxx,JS8C9S5DAC4S3C6H,2DJHTHTS7H5H3H6C,2SAH6D6S4CQD4HJD,2HQH7DKDTCKHTD7S,8S5S3S4D9D7CQC2C,ASKSJC5C9C8D9H3D,xxKCQS8Hxxxxxxxx,,,,,,,,,,,,,,,
3972,30,3,xxxxxxxxxxADxxAS,JS8C9S5DAC4S3C6H,2DJHTHTS7H5H3H6C,2SAH6D6S4CQD4HJD,2HQH7DKDTCKHTD7S,8S5S3S4D9D7CQC2C,xxKSJC5C9C8D9H3D,xxKCQS8Hxxxxxxxx,,,,,,,,,,,,,,,
4069,31,1,xxxxxxxxxxxxxxxx,JCQC4SAH4D7CQD4C,KH2CKC8S2H9H6C8D,TS7SJDQSKD5SAC6H,5C2S9D3C6D8H3H5H,ASADJS3S3DQH7D9S,4HJH9CTH5D8C2DKS,TC6S7HTDxxxxxxxx,,,,,,,,,,,,,,,
4070,31,2,7Hxxxxxxxxxxxxxx,JCQC4SAH4D7CQD4C,KH2CKC8S2H9H6C8D,TS7SJDQSKD5SAC6H,5C2S9D3C6D8H3H5H,ASADJS3S3DQH7D9S,4HJH9CTH5D8C2DKS,TC6SxxTDxxxxxxxx,,,,,,,,,,,,,,,
4071,31,3,7H9Cxxxxxxxxxxxx,JCQC4SAH4D7CQD4C,KH2CKC8S2H9H6C8D,TS7SJDQSKD5SAC6H,5C2S9D3C6D8H3H5H,ASADJS3S3DQH7D9S,4HJHxxTH5D8C2DKS,TC6SxxTDxxxxxxxx,,,,,,,,,,,,,,,
4194,32,1,xxxxxxxxxxxxxxxx,4HQD9C5S6S6DAS8S,TCTSQSKC7D8D2C8H,2H3C5HACKH9D6HJS,2S3HAHJHTD5DADKD,3D6C3SQC4S9S7C7S,4D2D8CJDJC4CQH9H,5CKS7HTHxxxxxxxx,,,,,,,,,,,,,,,
4195,32,2,xxxxxxxxxxxxxxxx,4HQD9C5S6S6DAS8S,TCTSQSKC7D8D2C8H,2H3C5HACKH9D6HJS,2S3HAHJHTD5DADKD,3D6C3SQC4S9S7C7S,4D2D8CJDJC4Cxx9H,5CKS7HTHxxxxxxxx,xxQHxxxxxxxxxxxx,,,,,,,,,,,,,,
4196,32,3,xxxxxxxxxxxxxxxx,4HQD9C5S6S6DAS8S,TCTSQSKC7D8D2C8H,2H3C5HACKH9D6HJS,2S3HAHJHTD5DADKD,3D6C3SQC4S9S7C7S,4D2D8CJDxx4Cxx9H,5CKS7HTHxxxxxxxx,xxQHxxxxxxxxxxxx,xxJCxxxxxxxxxxxx,,,,,,,,,,,,,
4311,33,1,xxxxxxxxxxxxxxxx,8CTC5S9C6SAC3DAS,8H7H7CJS8D6H4DQD,7SJDQS7D2DKH3C4S,9D8SKD2C3SAD2S5H,2HJCQHAH6C5CJHTD,TS5D9SKSKC4C3H4H,6D9HTHQCxxxxxxxx,,,,,,,,,,,,,,,
4312,33,2,4Cxxxxxxxxxxxxxx,8CTC5S9C6SAC3DAS,8H7H7CJS8D6H4DQD,7SJDQS7D2DKH3C4S,9D8SKD2C3SAD2S5H,2HJCQHAH6C5CJHTD,TS5D9SKSKCxx3H4H,6D9HTHQCxxxxxxxx,,,,,,,,,,,,,,,
4313,33,3,4Cxxxxxxxxxxxxxx,8CTC5S9C6SAC3DAS,8H7H7CJS8D6H4DQD,7SJDQS7D2DKH3C4S,9D8SKD2C3SAD2S5H,2HJCQHAH6CxxJHTD,TS5D9SKSKCxx3H4H,6D9HTHQCxxxxxxxx,5Cxxxxxxxxxxxxxx,,,,,,,,,,,,,,
4405,34,1,xxxxxxxxxxxxxxxx,8C9D8S9CKSTS7C7H,2C9H8H7D3SKCTDAD,5H2H9SQH3CTCJHJC,4HACQS5CJD6H6DKD,QDJS5D7S3D4D3H4C,5SKH2S6C4SASQCTH,8D6S2DAHxxxxxxxx,,,,,,,,,,,,,,,
4406,35,1,xxxxxxxxxxxxxxxx,6S3C4C4D7H3SQC2S,5H9D5DAC3H2CASAH,7C6DTS4STD2H4H8C,9CJD5SJSTHQHQD6H,9HKD7D8STC3D8HKC,2D7S5C9SJC6CJHKS,KHAD8DQSxxxxxxxx,,,,,,,,,,,,,,,
4407,36,1,xxxxxxxxxxxxxxxx,4CAS5DTHTD3C5S3H,6H4D9CADJH2D2CKD,6SJSJC5CKC4S9D4H,AHJDQH8H9SQCQS8D,7C9H8S6D7H7D3DKS,QD2H3S7S6CACTSKH,2S8CTC5Hxxxxxxxx,,,,,,,,,,,,,,,
4408,37,1,xxxxxxxxxxxxxxxx,9HQH8C9SKS2STSTC,5H4C3D3C5CAS5SQS,KH3H4H6CKC9C7DJH,8HJD3S7S9DADAH2C,2HAC7HTDKD2D4SJC,7C4DQDQC6D8D6S5D,JS6H8STHxxxxxxxx,,,,,,,,,,,,,,,
4409,36,1,xxxxxxxxxxxxxxxx,4CAS5DTHTD3C5S3H,6H4D9CADJH2D2CKD,6SJSJC5CKC4S9D4H,AHJDQH8H9SQCQS8D,7C9H8S6D7H7D3DKS,QD2H3S7S6CACTSKH,2S8CTC5Hxxxxxxxx,,,,,,,,,,,,,,,
4410,36,2,xxxxxxxxxxxxxxxx,4CAS5DTHTD3C5S3H,6H4D9CADJH2D2CKD,6SJSJC5CKC4S9D4H,AHJDQH8H9SQCQS8D,7C9H8S6D7H7D3DKS,QD2H3S7S6CACTSKH,2S8CTC5Hxxxxxxxx,,,,,,,,,,,,,,,
4411,36,3,xxxxxxxxxxxxxxxx,4CAS5DTHTD3C5S3H,6H4D9CADJH2D2CKD,6SJSJC5CKC4S9D4H,AHJDQH8H9SQCQS8D,7C9H8S6D7H7D3DKS,QD2H3S7S6CACTSKH,2S8CTC5Hxxxxxxxx,,,,,,,,,,,,,,,
4621,37,1,xxxxxxxxxxxxxxxx,9S5D5H9D8CQHQC6H,AC8D2HJDKSAH4D2D,6S9CQD6C8S4S8HJC,ASJHKH7D5CAD3D6D,7H3HTC2SKD9H7CTD,7STS4C4HKC3C2C3S,5SJSQSTHxxxxxxxx,,,,,,,,,,,,,,,
4622,37,2,xxxxxxxxxxxxxxxx,9S5D5H9D8CQHQC6H,AC8D2HJDKSAH4D2D,6S9CQD6C8S4S8HJC,ASJHKH7D5CAD3D6D,7H3HTC2SKD9H7CTD,7STS4C4HKC3C2C3S,5SJSQSxxxxxxxxxx,xxTHxxxxxxxxxxxx,,,,,,,,,,,,,,
4623,37,3,3Sxxxxxxxxxxxxxx,9S5D5H9D8CQHQC6H,AC8D2HJDKSAH4D2D,6S9CQD6C8S4S8HJC,ASJHKH7D5CAD3D6D,7H3HTC2SKD9H7CTD,7STS4C4HKC3C2Cxx,5SJSQSxxxxxxxxxx,xxTHxxxxxxxxxxxx,,,,,,,,,,,,,,
4721,37,3,xxxxxxxx3C4DAH4S,KSJC5H9D8CKCQCKD,xxTD2Hxx7DQHJDQS,xx9CQDxx6CJSTCJH,xx8HKHxx5DTHxxTS,xx7Cxxxx4C9Sxx9H,xx6Hxxxx3H8Dxx8S,xx5Cxxxxxx7Sxx7H,xxxxxxxxxx6Dxx6S,xxxxxxxxxx5Sxxxx,xxxxxxxxxx4Hxxxx,,,,,,,,,,,,
4762,37,3,________3C4D2H4S,KSJC__KH8CKC__KD,QDTD__QC7DQH__QS,__9C__JD6CJS__JH,__8H__TC5DTH__TS,__7C__9D4C9S__9H,__6H____3H8D__8S,__5C______7S__7H,__________6D__6S,__________5S__5H,__________4H____,,,,,,,,,,,,
4794,38,1,________________,TD6H6C4H3H5S4DQS,3C6D7HKSTC3D8C2S,9CTH8HQDJCJS5H8S,QC2DJD9SQH5D3SAC,9DJHAH2H7C7D5CAS,6S9HAD2C7SKHKCTS,4CKD4S8D________,,,,,,,,,,,,,,,
4795,38,2,TS______________,TD6H6C4H3H5S4DQS,3C6D7HKSTC3D8C2S,9CTH8HQDJCJS5H8S,QC2DJD9SQH5D3SAC,9DJHAH2H7C7D5CAS,6S9HAD2C7SKHKC__,4CKD4S8D________,,,,,,,,,,,,,,,
4796,38,3,TS____________AS,TD6H6C4H3H5S4DQS,3C6D7HKSTC3D8C2S,9CTH8HQDJCJS5H8S,QC2DJD9SQH5D3SAC,9DJHAH2H7C7D5C__,6S9HAD2C7SKHKC__,4CKD4S8D________,,,,,,,,,,,,,,,
4902,39,1,________________,JCTS4H4S3D5DKSAC,4CQS9H2CAS9SJS7C,2D3H5CKH9DJH6D9C,7H2H3SKDAD6C6S8S,5STH5H8C7DJDKCTD,3C8HAH7SQHTC2S4D,6H8DQDQC________,,,,,,,,,,,,,,,
4903,39,2,QC______________,JCTS4H4S3D5DKSAC,4CQS9H2CAS9SJS7C,2D3H5CKH9DJH6D9C,7H2H3SKDAD6C6S8S,5STH5H8C7DJDKCTD,3C8HAH7SQHTC2S4D,6H8DQD__________,,,,,,,,,,,,,,,
4904,39,3,QC______________,JCTS4H4S3D5DKSAC,4CQS9H2CAS9SJS7C,2D3H5CKH9DJH6D9C,7H2H3SKDAD6C6S8S,5STH5H8C7DJDKCTD,3C8HAH__QHTC2S4D,6H8DQD__________,__7S____________,,,,,,,,,,,,,,
5016,40,1,________________,TS5HASKDJS6CKH7C,JH9S4SJD9HTH5C2H,4H8H4D8S5SKC9DQC,8D4C6DTC3C3DQH5D,QS7D2S7S6SKS2D6H,AHAC2C3H3SQD7H9C,TDAD8CJC________,,,,,,,,,,,,,,,
5017,40,2,________________,TS5HASKDJS6CKH7C,JH9S4SJD9HTH5C2H,4H8H4D8S5SKC9DQC,8D4C6DTC3C3DQH5D,QS7D2S7S6SKS2D6H,AHAC2C3H3SQD7H9C,TDAD8C____JC____,,,,,,,,,,,,,,,
5018,40,3,________________,TS5HASKDJS6CKH7C,JH9S4SJD9HTH5C2H,4H8H4D8S5SKC9DQC,8D4C6DTC3C3DQH5D,QS7D2S7S6SKS2D6H,AHAC2C3H3SQD7H9C,__AD8C____JC____,__________TD____,,,,,,,,,,,,,,
5138,41,1,________________,4H8D7H9STD9DTH9H,KDJCAHKCACQS3H7S,QD3S5CTS7C5H3DQH,6S4DAS4S4C6D7D9C,5S8H6C8CKH6H2C8S,JSJH3CJD2SAD2DTC,2H5DKSQC________,,,,,,,,,,,,,,,
5139,41,2,__________AD____,4H8D7H9STD9DTH9H,KDJCAHKCACQS3H7S,QD3S5CTS7C5H3DQH,6S4DAS4S4C6D7D9C,5S8H6C8CKH6H2C8S,JSJH3CJD2S__2DTC,2H5DKSQC________,,,,,,,,,,,,,,,
5140,41,3,__________2D____,4H8D7H9STD9DTH9H,KDJCAHKCACQS3H7S,QD3S5CTS7C5H3DQH,6S4DAS4S4C6D7D9C,5S8H6C8CKH6H2C8S,JSJH3CJD2S____TC,2H5DKSQC________,,,,,,,,,,,,,,,
5283,42,1,________________,KD3S6SAC7DJS2C9D,4C5C5SAD4D3C8HJH,TDQCAS3D8CTH9C4S,2HAHKS7S2DTSJD4H,5DKCKH9HJC2S8D7C,6D6H8SQS3H9STCQD,7H5H6CQH________,,,,,,,,,,,,,,,
5284,42,2,QH______________,KD3S6SAC7DJS2C9D,4C5C5SAD4D3C8HJH,TDQCAS3D8CTH9C4S,2HAHKS7S2DTSJD4H,5DKCKH9HJC2S8D7C,6D6H8SQS3H9STCQD,7H5H6C__________,,,,,,,,,,,,,,,
5285,42,3,QHQS____________,KD3S6SAC7DJS2C9D,4C5C5SAD4D3C8HJH,TDQCAS3D8CTH9C4S,2HAHKS7S2DTSJD4H,5DKCKH9HJC2S8D7C,6D6H8S__3H9STCQD,7H5H6C__________,,,,,,,,,,,,,,,
5415,43,1,________________,JC8C9STC3C5H6S4D,JSAS7D5C9HTD7HAC,AD4S6H6CTSQSTHKC,QC2DKD2C7SQH5SQD,3D9D3H7C4HJD8S2H,6D9C8H2S8D4CKHAH,JH3S5DKS________,,,,,,,,,,,,,,,
5416,43,2,JH______________,JC8C9STC3C5H6S4D,JSAS7D5C9HTD7HAC,AD4S6H6CTSQSTHKC,QC2DKD2C7SQH5SQD,3D9D3H7C4HJD8S2H,6D9C8H2S8D4CKHAH,__3S5DKS________,,,,,,,,,,,,,,,
5417,43,3,JH6D____________,JC8C9STC3C5H6S4D,JSAS7D5C9HTD7HAC,AD4S6H6CTSQSTHKC,QC2DKD2C7SQH5SQD,3D9D3H7C4HJD8S2H,__9C8H2S8D4CKHAH,__3S5DKS________,,,,,,,,,,,,,,,
5532,42,1,________________,3H6H9H7CAD4CTHJD,5S2CKS6D7H4DKD4S,QH7SKC7D2D9DKHTD,QD9CJC6C8C3S6SAH,AC8H3C5C5D8S8DAS,5HTCQSJH2S3DQC4H,JSTS2H9S________,,,,,,,,,,,,,,,
5533,42,2,4H______________,3H6H9H7CAD4CTHJD,5S2CKS6D7H4DKD4S,QH7SKC7D2D9DKHTD,QD9CJC6C8C3S6SAH,AC8H3C5C5D8S8DAS,5HTCQSJH2S3DQC__,JSTS2H9S________,,,,,,,,,,,,,,,
5534,42,3,4H____________AS,3H6H9H7CAD4CTHJD,5S2CKS6D7H4DKD4S,QH7SKC7D2D9DKHTD,QD9CJC6C8C3S6SAH,AC8H3C5C5D8S8D__,5HTCQSJH2S3DQC__,JSTS2H9S________,,,,,,,,,,,,,,,
5647,43,1,________________,9SKC8S6H5S2C9D2H,TC4HAS4C8DJCAC3H,4DJH6C8HQD7C2STS,9CAD7SQS7H7DTH8C,4S5D3SKH9HTD5CQC,6S6D3DQHKSKDJD5H,2D3CJSAH________,,,,,,,,,,,,,,,
5648,43,2,____________AH__,9SKC8S6H5S2C9D2H,TC4HAS4C8DJCAC3H,4DJH6C8HQD7C2STS,9CAD7SQS7H7DTH8C,4S5D3SKH9HTD5CQC,6S6D3DQHKSKDJD5H,2D3CJS__________,,,,,,,,,,,,,,,
5649,43,3,____________AH__,9SKC8S6H5S2C9D2H,TC4HAS4C8DJCAC3H,4DJH6C8HQD7C2STS,9CAD7SQS7H7DTH8C,4S5D3SKH9HTD5CQC,6S6D3DQHKSKDJD5H,__3CJS__________,__2D____________,,,,,,,,,,,,,,
5765,44,1,________________,JD9H9C8S2CTS9D6C,3C8D3S2SKD6SKSJS,2DADAHQS7SQC5DTD,8C5S4H2H7C5HQHKC,3D7DTHQD6D7H6H4S,5CTC3HASKHJCJH4D,9S8HAC4C________,,,,,,,,,,,,,,,
5766,44,2,________AC______,JD9H9C8S2CTS9D6C,3C8D3S2SKD6SKSJS,2DADAHQS7SQC5DTD,8C5S4H2H7C5HQHKC,3D7DTHQD6D7H6H4S,5CTC3HASKHJCJH4D,9S8H__4C________,,,,,,,,,,,,,,,
5767,44,3,4C______AC______,JD9H9C8S2CTS9D6C,3C8D3S2SKD6SKSJS,2DADAHQS7SQC5DTD,8C5S4H2H7C5HQHKC,3D7DTHQD6D7H6H4S,5CTC3HASKHJCJH4D,9S8H____________,,,,,,,,,,,,,,,
5926,45,1,________________,AH4D2D7S8HAS5SQS,TD6CJSTCQC2H3CKS,6H4S5H7C8DACJD4C,5DKD3S8C4HTH9C9S,7D5C3D3HKC9DKH9H,JC2C7H8STS2SJH6S,6DQDQHAD________,,,,,,,,,,,,,,,
5927,45,2,__________AD____,AH4D2D7S8HAS5SQS,TD6CJSTCQC2H3CKS,6H4S5H7C8DACJD4C,5DKD3S8C4HTH9C9S,7D5C3D3HKC9DKH9H,JC2C7H8STS2SJH6S,6DQDQH__________,,,,,,,,,,,,,,,
5928,45,3,__________AD____,AH4D2D7S8HAS5SQS,TD6CJSTCQC2H3CKS,6H4S5H7C8DACJD4C,5DKD3S8C4HTH9C9S,7D5C3D3HKC9DKH9H,JC2C7H8S__2SJH6S,6DQDQH______TS__,,,,,,,,,,,,,,,
6054,46,1,________________,2HAC6C2D4STCQS7H,7D8D4DKD8HJCTH4H,5C9C8C6D7CQC7S5S,KCQHAH3S4CAD9SAS,3D2SKH9D5HJH9H3H,3CTSJSTDKSQD8S6S,JD5D2C6H________,,,,,,,,,,,,,,,
6055,46,2,6S______________,2HAC6C2D4STCQS7H,7D8D4DKD8HJCTH4H,5C9C8C6D7CQC7S5S,KCQHAH3S4CAD9SAS,3D2SKH9D5HJH9H3H,3CTSJSTDKSQD8S__,JD5D2C6H________,,,,,,,,,,,,,,,
6056,46,3,6S3H____________,2HAC6C2D4STCQS7H,7D8D4DKD8HJCTH4H,5C9C8C6D7CQC7S5S,KCQHAH3S4CAD9SAS,3D2SKH9D5HJH9H__,3CTSJSTDKSQD8S__,JD5D2C6H________,,,,,,,,,,,,,,,
6152,46,2,________AC3D2H4S,__KD____KCKSQSKH,________QHQDJDQC,________JCJSTCJH,________TDTH9DTS,________9C9S8C9H,________8D8H7D8S,________7C7S6C7H,________6D6H5H6S,________5C5S__5D,________4D4H__4C,__________3C__3H,______________2C,,,,,,,,,,
6165,47,1,________________,4S3DKS9CJD6S5SKD,3C8DQD4D2HJC9HQS,2S3H7SKHAD7D9D7C,AC2D4HJH5DQC2CQH,4C6H8HASTH7HAH8C,5CTS6D8STC6CTD9S,KCJS5H3S________,,,,,,,,,,,,,,,
6166,47,2,________________,4S3DKS9CJD6S5SKD,3C8DQD4D2HJC9HQS,2S3H7SKHAD7D9D7C,AC2D4HJH5DQC2CQH,4C6H8HASTH7HAH8C,5CTS6D8STC6CTD9S,KCJS5H3S________,,,,,,,,,,,,,,,
6167,47,3,9S______________,4S3DKS9CJD6S5SKD,3C8DQD4D2HJC9HQS,2S3H7SKHAD7D9D7C,AC2D4HJH5DQC2CQH,4C6H8HASTH7HAH8C,5CTS6D8STC6CTD__,KCJS5H3S________,,,,,,,,,,,,,,,
6266,47,2,________3C4D3H2S,____KS__KCKH7CKD,____QD__QHQC6DQS,____JC__JSJD5SJH,____TH__TDTS4HTC,____9C__9S9D3S9H,____8H__8D8S__8C,____7S____7D__7H,____6H____6S__6C,____5C____5D__5H,__________4S__4C,,,,,,,,,,,,
6277,47,2,________QCKDQHQS,____KS__KCKH____,,,,,,,,,,,,,,,,,,,,,
6279,48,1,________________,9SJHAD4H6DKC2H5D,8HKH8SKS4S3H7S3C,2SQDAS6CJD2C4D5H,5STH9CTC5CAC3S6S,9DJCQS7C2DQH7D4C,QC8D6H9H3D8CKD7H,TDJSAHTS________,,,,,,,,,,,,,,,
6280,48,2,____________AH__,9SJHAD4H6DKC2H5D,8HKH8SKS4S3H7S3C,2SQDAS6CJD2C4D5H,5STH9CTC5CAC3S6S,9DJCQS7C2DQH7D4C,QC8D6H9H3D8CKD7H,TDJS__TS________,,,,,,,,,,,,,,,
6281,48,3,TD__________AH__,9SJHAD4H6DKC2H5D,8HKH8SKS4S3H7S3C,2SQDAS6CJD2C4D5H,5STH9CTC5CAC3S6S,9DJCQS7C2DQH7D4C,QC8D6H9H3D8CKD7H,__JS__TS________,,,,,,,,,,,,,,,
6381,48,2,________4C4DAH3S,6C__KSKH6DKC2HKD,5H__QDQS5SQH__QC,4S__JCJH__JS__JD,3H__THTC__TD__TS,____9S9D__9C__9H,____8H8S__8D__8C,____7S7H__7C__7D,______6S__6H____,______5D__5C____,__________4H____,,,,,,,,,,,,
6394,48,3,________4C4DAH3S,6C__KSKH6DKC2HKD,5H__QDQS5SQH__QC,4S__JCJH__JS__JD,3H__THTC__TD__TS,____9S9D__9C__9H,____8H8S__8D__8C,____7S7H__7C__7D,______6S__6H____,______5D__5C____,__________4H____,,,,,,,,,,,,
6399,48,2,________4C4D2H3S,____KSKH__KC__KD,____QDQS__QH__QC,____JCJH__JS__JD,____THTC__TD__TS,____9S9D__9C__9H,____8H8S__8D__8C,____7S7H__7C__7D,____6D6S__6H__6C,____5S5D__5C__5H,__________4H__4S,______________3H,,,,,,,,,,,
6411,49,1,________________,8H5HKCASQC9D5D2S,3DTSTC3HJS3C4H5S,8S4S6H7H6DQD8C9C,6C2CKH8D7D3SKDJC,2H7CJD7SJH2D9HAH,6S9SQHACKSAD5C4D,TH4CTDQS________,,,,,,,,,,,,,,,
6412,49,2,__________AD____,8H5HKCASQC9D5D2S,3DTSTC3HJS3C4H5S,8S4S6H7H6DQD8C9C,6C2CKH8D7D3SKDJC,2H7CJD7SJH2D9HAH,6S9SQHACKS__5C4D,TH4CTDQS________,,,,,,,,,,,,,,,
6413,49,3,__________2D____,8H5HKCASQC9D5D2S,3DTSTC3HJS3C4H5S,8S4S6H7H6DQD8C9C,6C2CKH8D7D3SKDJC,2H7CJD7SJH__9HAH,6S9SQHACKS__5C4D,TH4CTDQS________,,,,,,,,,,,,,,,
6517,49,2,________2C3D3H4S,8H9HKCKD5CKSQHKH,7C8S__QC4HQDJSQS,6H7H__JH__JCTHJD,__6C__TS__TD9STC,__5D__9D__9C____,______8C__8D____,______7D__7S____,______6S__6D____,______5H__5S____,______4C__4D____,__________3C____,,,,,,,,,,,
6529,49,3,________2C3D3H4S,8H9HKCKD5CKSQHKH,7C8S__QC4HQDJSQS,6H7H__JH__JCTHJD,__6C__TS__TD9STC,__5D__9D__9C____,______8C__8D____,______7D__7S____,______6S__6D____,______5H__5S____,______4C__4D____,__________3C____,,,,,,,,,,,
6532,49,3,__________AD____,8H5HKCASQC9D5D2S,3DTSTC3HJS3C4H5S,8S4S6H7H6DQD8C9C,6C2CKH8D7D3SKDJC,2H7CJD7SJH2D9HAH,6S9SQHACKS__5C4D,TH4CTDQS________,,,,,,,,,,,,,,,
6540,49,2,________2C3D3H4S,____KCKD__KS__KH,____QHQC__QD__QS,____JSJH__JC__JD,____THTS__TD__TC,____9S9D__9C__9H,____8H8C__8D__8S,____7C7D__7S__7H,____6H6S__6D__6C,____5C5H__5S__5D,____4H4C__4D____,__________3C____,,,,,,,,,,,
6553,49,2,________2C3D3H4S,8H9HKCKD5CKSQHKH,7C8S__QC4HQDJSQS,6H7H__JH__JCTHJD,__6C__TS__TD9STC,__5D__9D__9C____,______8C__8D____,______7D__7S____,______6S__6D____,______5H__5S____,______4C__4D____,__________3C____,,,,,,,,,,,
6565,50,1,________________,QSKC3H3S9HJCAD7C,TH6SJSQC2D3D8HTD,2STC5HAS4CJH9S7S,5DAH5S9DAC4DQD4S,3C9CJDKH5CQH7H8D,KD6C6H8C6D8SKSTS,2H4H2C7D________,,,,,,,,,,,,,,,
6566,50,2,4H______________,QSKC3H3S9HJCAD7C,TH6SJSQC2D3D8HTD,2STC5HAS4CJH9S7S,5DAH5S9DAC4DQD4S,3C9CJDKH5CQH7H8D,KD6C6H8C6D8SKSTS,2H__2C7D________,,,,,,,,,,,,,,,
6567,50,3,4H______________,QSKC3H3S9HJCAD7C,TH6SJSQC2D3D8HTD,2STC5HAS4CJH9S7S,5DAH5S9DAC4DQD4S,3C9CJDKH5CQH7H8D,KD__6H8C6D8SKSTS,2H__2C7D________,______6C________,,,,,,,,,,,,,,
6667,50,2,________________,QSKC3H3S9HJCAD7C,TH6SJSQC2D3D8HTD,2STC5HAS4CJH9S7S,5DAH5S9DAC4DQD4S,3C9CJDKH5CQH7H8D,KD6C6H8C6D8SKSTS,2H4H2C7D________,,,,,,,,,,,,,,,
6668,50,3,7D______________,QSKC3H3S9HJCAD7C,TH6SJSQC2D3D8HTD,2STC5HAS4CJH9S7S,5DAH5S9DAC4DQD4S,3C9CJDKH5CQH7H8D,KD6C6H8C6D8SKSTS,2H4H2C__________,,,,,,,,,,,,,,,
6747,50,2,________AC3DAH2S,__KCKSKHKD__9CTC,__QHQDQCQS__8D9H,__JCJSJDJH__7S8S,__THTDTS____6D7H,____9S9D____5C6S,____8H8C____4D5D,____7C7D____3C4C,____6H6C________,____5S5H________,____4H4S________,____3S3H________,____2H2C________,,,,,,,,,,
6760,50,3,________AC3DAH2S,__KCKSKHKD__9CTC,__QHQDQCQS__8D9H,__JCJSJDJH__7S8S,__THTDTS____6D7H,____9S9D____5C6S,____8H8C____4D5D,____7C7D____3C4C,____6H6C________,____5S5H________,____4H4S________,____3S3H________,____2H2C________,,,,,,,,,,
6765,50,2,________AC3DAH2S,__KCKSKHKD__9CTC,__QHQDQCQS__8D9H,__JCJSJDJH__7S8S,__THTDTS____6D7H,____9S9D____5C6S,____8H8C____4D5D,____7C7D____3C4C,____6H6C________,____5S5H________,____4H4S________,____3S3H________,____2H2C________,,,,,,,,,,
6778,50,3,________AC3DAH2S,__KCKSKHKD__9CTC,__QHQDQCQS__8D9H,__JCJSJDJH__7S8S,__THTDTS____6D7H,____9S9D____5C6S,____8H8C____4D5D,____7C7D____3C4C,____6H6C________,____5S5H________,____4H4S________,____3S3H________,____2H2C________,,,,,,,,,,
6782,50,2,________AC3DAH2S,5CKCKSKHKD__9CTC,4DQHQDQCQS__8D9H,3CJCJSJDJH__7S8S,__THTDTS____6D7H,____9S9D______6S,____8H8C______5D,____7C7D______4C,____6H6C________,____5S5H________,____4H4S________,____3S3H________,____2H2C________,,,,,,,,,,
6795,51,1,________________,6D6C9CAS9S3DJH7S,AD3H9H2CQD7D4DKS,KH9D6HTC4H8C2D8S,4SJC5HJS3STH2H5S,2SJDTD7C3C8HKDAC,QSTS5C4C7H8D5D6S,QCAHKCQH________,,,,,,,,,,,,,,,
6796,51,2,____________AH__,6D6C9CAS9S3DJH7S,AD3H9H2CQD7D4DKS,KH9D6HTC4H8C2D8S,4SJC5HJS3STH2H5S,2SJDTD7C3C8HKDAC,QSTS5C4C7H8D5D6S,QC__KCQH________,,,,,,,,,,,,,,,
6797,51,3,____________AH__,6D6C9CAS9S3DJH7S,AD3H9H2CQD7D4DKS,KH9D6HTC4H8C2D8S,4SJC5HJS3STH2H5S,2SJDTD7C3C8HKDAC,QSTS5C4C7H8D5D6S,QC__KC__________,____QH__________,,,,,,,,,,,,,,
6887,51,2,________5C3D6H3S,KHKS__KD9S__KC__,QSQD__QC8D__QH__,JHJC__JD7C__JS__,TCTD__TS6D__TH__,9H9C__9D5S______,8C8H__8S4D______,7D7S__7H________,6C____6S________,______5D________,______4S________,,,,,,,,,,,,
6898,52,1,________________,KCTC5C9CKSTSTH6S,QH2C4C9H3S8D2SAD,7CKDAC2H4H5DQDAS,6HJD6DJS4S3C3H8C,4D5SQCQS9D7D7HKH,AH3D8S8H5HTD2D6C,JC9S7SJH________,,,,,,,,,,,,,,,
6899,52,2,6C______________,KCTC5C9CKSTSTH6S,QH2C4C9H3S8D2SAD,7CKDAC2H4H5DQDAS,6HJD6DJS4S3C3H8C,4D5SQCQS9D7D7HKH,AH3D8S8H5HTD2D__,JC9S7SJH________,,,,,,,,,,,,,,,
6900,52,3,6CKH____________,KCTC5C9CKSTSTH6S,QH2C4C9H3S8D2SAD,7CKDAC2H4H5DQDAS,6HJD6DJS4S3C3H8C,4D5SQCQS9D7D7H__,AH3D8S8H5HTD2D__,JC9S7SJH________,,,,,,,,,,,,,,,
6971,52,2,________AC2D4H3S,KC______KSKHKD__,QH______QDQSQC__,JS______JCJHJD__,TH______TDTSTC__,9C______9S9D9H__,8H______8D8C8S__,7C______7S7H7D__,6H______6D6S6C__,5S______5C5H5D__,4D________4C4S__,3C__________3D__,____________2C__,,,,,,,,,,
6984,53,1,________________,QHTHADTC4H6SAH9D,7SQSTS5HJCAS4S2H,8CTD2CJSKC5S6HJD,6C3HKD5C8DKH3C3D,3S2S7DQD8S9CJH7C,9S4D7H9HQCAC2D8H,KS4C6D5D________,,,,,,,,,,,,,,,
6985,53,2,________AC______,QHTHADTC4H6SAH9D,7SQSTS5HJCAS4S2H,8CTD2CJSKC5S6HJD,6C3HKD5C8DKH3C3D,3S2S7DQD8S9CJH7C,9S4D7H9HQC__2D8H,KS4C6D5D________,,,,,,,,,,,,,,,
6986,53,3,________AC______,QHTHADTC4H6SAH9D,7SQSTS5HJCAS4S2H,8CTD2CJSKC5S6HJD,6C3HKD5C8DKH3C3D,3S2S7DQD8S9CJH7C,9S4D7H9HQC__2D8H,KS__6D5D________,______4C________,,,,,,,,,,,,,,
7117,53,2,________2C4DAH3S,KS______KCKH__KD,QH______QDQS__QC,JS______JCJH__JD,TH______TDTC__TS,9S______9C9H__9D,8H______8D8C__8S,7C______7S7H__7D,6H______6D6C__6S,5C______5S5H__5D,4H________4S__4C,3C____________3H,2H______________,,,,,,,,,,
7130,54,1,________________,8S8CTS6DTC9H6SAD,KC8D7DTH4D2S8H9S,2HAH4HJH2DACTDJS,5DQH7S5H3HJDJC6H,QC9CKHQS3S4C2C9D,KDQDAS3D3C5C5S7C,KS7H4S6C________,,,,,,,,,,,,,,,
7131,54,2,4S______________,8S8CTS6DTC9H6SAD,KC8D7DTH4D2S8H9S,2HAH4HJH2DACTDJS,5DQH7S5H3HJDJC6H,QC9CKHQS3S4C2C9D,KDQDAS3D3C5C5S7C,KS7H__6C________,,,,,,,,,,,,,,,
7132,54,3,4S____________AS,8S8CTS6DTC9H6SAD,KC8D7DTH4D2S8H9S,2HAH4HJH2DACTDJS,5DQH7S5H3HJDJC6H,QC9CKHQS3S4C2C9D,KDQD__3D3C5C5S7C,KS7H__6C________,,,,,,,,,,,,,,,
7135,54,2,________________,8S8CTS6DTC9H6SAD,KC8D7DTH4D2S8H9S,2HAH4HJH2DACTDJS,5DQH7S5H3HJDJC6H,QC9CKHQS3S4C2C9D,KDQDAS3D3C5C5S7C,KS7H4S6C________,,,,,,,,,,,,,,,
7136,54,3,________________,8S8CTS6DTC9H6SAD,KC8D7DTH4D2S8H9S,2HAH4HJH2DACTDJS,5DQH7S5H3HJDJC6H,QC9CKHQS3S4C2C9D,KDQDAS3D3C5C5S7C,KS7H4S__________,__6C____________,,,,,,,,,,,,,,
7249,54,2,________5CAD4H2S,KSKH__KDKC______,QHQS__QCQD______,JSJH__JDJC______,TDTS__TCTH______,9S9D__9H9C______,8H8C__8S8D______,7S7D__7H7C______,6H6S__6C6D______,__5D__5H5S______,______4S4D______,______3D3S______,________2D______,,,,,,,,,,
7262,55,1,________________,8DQHKSKHJD4H3STH,3D6DQC7H5S2SQS6S,2CJC6CQD7D3C8H3H,4SAS9C9S4DAD9DAH,KD5D2D5H4CTSJHAC,JS6H2H8S7C5CKCTC,TD8C7S9H________,,,,,,,,,,,,,,,
7263,55,2,8C______________,8DQHKSKHJD4H3STH,3D6DQC7H5S2SQS6S,2CJC6CQD7D3C8H3H,4SAS9C9S4DAD9DAH,KD5D2D5H4CTSJHAC,JS6H2H8S7C5CKCTC,TD__7S9H________,,,,,,,,,,,,,,,
7264,55,3,8C______________,8DQHKSKHJD4H3STH,3D6DQC7H5S2SQS6S,2CJC6CQD7D3C8H3H,4SAS9C9S4DAD9DAH,KD5D2D5H4CTSJHAC,JS__2H8S7C5CKCTC,TD__7S9H6H______,,,,,,,,,,,,,,,
7354,55,2,________2C4D3H4S,QDKCKSKHKDTS____,JSQHQCQS__9D____,THJCJHJD__8S____,9STDTC____7D____,8D9C9H____6S____,7C8H8C____5D____,6H7S7H__________,5S6D6C__________,__5C5H__________,__4H4C__________,__3C____________,,,,,,,,,,,
7366,55,3,________2C4D3H4S,QDKCKSKHKDTS____,JSQHQCQS__9D____,THJCJHJD__8S____,9STDTC____7D____,8D9C9H____6S____,7C8H8C____5D____,6H7S7H__________,5S6D6C__________,__5C5H__________,__4H4C__________,__3C____________,,,,,,,,,,,
7370,55,2,________2C4D3H4S,__KCKSKHKD______,__QHQDQSQC______,__JCJSJDJH______,__TDTHTSTC______,__9C9S9D9H______,__8H8D8S8C______,__7S7C7D7H______,__6D6H6S6C______,__5C5S5D5H______,__4H____4C______,__3C____________,,,,,,,,,,,
7382,56,1,________________,5H2C6D3H4D4S9SKC,9C2HTCQH6S5S4C7S,3S4HJC3C9HAH6CJH,QSKD7C8HKH8DJDAC,5D2DAD8S5C7D3D7H,2SJSASQCTHQD9DTD,TSKS6H8C________,,,,,,,,,,,,,,,
7383,56,2,6H______________,5H2C6D3H4D4S9SKC,9C2HTCQH6S5S4C7S,3S4HJC3C9HAH6CJH,QSKD7C8HKH8DJDAC,5D2DAD8S5C7D3D7H,2SJSASQCTHQD9DTD,TSKS__8C________,,,,,,,,,,,,,,,
7384,56,3,6H____________AS,5H2C6D3H4D4S9SKC,9C2HTCQH6S5S4C7S,3S4HJC3C9HAH6CJH,QSKD7C8HKH8DJDAC,5D2DAD8S5C7D3D7H,2SJS__QCTHQD9DTD,TSKS__8C________,,,,,,,,,,,,,,,
7463,56,2,________3C4D3H5S,KSKHJS______KDKC,QHQCTD______QSQD,__JD9C______JHJC,__TC8H______TSTH,__9H7S______9D9S,__8S6D______8C8D,__7D________7H7C,__6C________6S6H,__5D________5H5C,__4C__________4H,,,,,,,,,,,,
7474,57,1,________________,ADTCKHJCKD4D3H2C,JS7H9H8C7CKS5DTH,8HJDTS6H2H5CACTD,8SQD3D5HJH4S9S5S,8D4C9DQCKC6SAHAS,QS7D3S6D4H6C9C3C,2S2D7SQH________,,,,,,,,,,,,,,,
7475,57,2,3C______________,ADTCKHJCKD4D3H2C,JS7H9H8C7CKS5DTH,8HJDTS6H2H5CACTD,8SQD3D5HJH4S9S5S,8D4C9DQCKC6SAHAS,QS7D3S6D4H6C9C__,2S2D7SQH________,,,,,,,,,,,,,,,
7476,57,3,3C____________AS,ADTCKHJCKD4D3H2C,JS7H9H8C7CKS5DTH,8HJDTS6H2H5CACTD,8SQD3D5HJH4S9S5S,8D4C9DQCKC6SAH__,QS7D3S6D4H6C9C__,2S2D7SQH________,,,,,,,,,,,,,,,
7556,57,2,________2C4D2H4S,KS__KH__KD__KC__,QD__QC__QS__QH__,JC__JH__JD__JS__,TH__TC__TS__TD__,9S__9D__9H__9C__,8H__8C__8S__8D__,7S__7H__7D__7C__,6H__6S__6C__6D__,5C__5D__5H__5S__,____4C______4H__,____3H______3C__,,,,,,,,,,,
7568,58,1,________________,3HADKC8C5CJS2C5D,8H7HKD7C9H8S4H9D,3D4S4DJH8DQCAHAC,7DTH7S5S6DQSTD9C,JDKHTS6C6H9S4C6S,KSTCJC2S3S2D5HQD,QH2HAS3C________,,,,,,,,,,,,,,,
7569,58,2,______________AS,3HADKC8C5CJS2C5D,8H7HKD7C9H8S4H9D,3D4S4DJH8DQCAHAC,7DTH7S5S6DQSTD9C,JDKHTS6C6H9S4C6S,KSTCJC2S3S2D5HQD,QH2H__3C________,,,,,,,,,,,,,,,
7570,58,3,3C____________AS,3HADKC8C5CJS2C5D,8H7HKD7C9H8S4H9D,3D4S4DJH8DQCAHAC,7DTH7S5S6DQSTD9C,JDKHTS6C6H9S4C6S,KSTCJC2S3S2D5HQD,QH2H____________,,,,,,,,,,,,,,,
7628,58,3,______________AS,3HADKC8C5CJS2C5D,8H7HKD7C9H8S4H9D,3D4S4DJH8DQCAHAC,7DTH7S5S6DQSTD9C,JDKHTS6C6H9S4C6S,KSTCJC2S3S2D5HQD,QH2H__3C________,,,,,,,,,,,,,,,
7702,58,3,______________AS,3HADKC8C5CJS2C5D,8H7HKD7C9H8S4H9D,3D4S4DJH8DQCAHAC,7DTH7S5S6DQSTD9C,JDKHTS6C6H9S4C6S,KSTCJC2S3S2D5HQD,QH2H__3C________,,,,,,,,,,,,,,,
7825,58,2,________3C3D3H4S,__KHKC__KD____KS,__QCQD__QS____QH,__JDJS__JH____JC,__TCTH__TS____TD,__9H9S__9D____9C,__8S8D__8C____8H,__7D7S__7H____7C,__6C6H__6S____6D,__5H5C__5D____5S,____4H__4C____4D,,,,,,,,,,,,
7836,58,3,________3C3D3H4S,__KHKC__KD____KS,__QCQD__QS____QH,__JDJS__JH____JC,__TCTH__TS____TD,__9H9S__9D____9C,__8S8D__8C____8H,__7D7S__7H____7C,__6C6H__6S____6D,__5H5C__5D____5S,____4H__4C____4D,,,,,,,,,,,,
7846,58,2,________3C4D3H4S,__KHKC__KD____KS,__QCQD__QS____QH,__JDJS__JH____JC,__TCTH__TS____TD,__9H9S__9D____9C,__8S8D__8C____8H,__7D7S__7H____7C,__6C6H__6S____6D,__5H5C__5D____5S,____4H__4C______,,,,,,,,,,,,
7857,59,1,________________,3HKS6DQCQS7D4D5C,JHTC8H2S8S6CAH5H,3D5D5SJSQHKC2D9D,KDTD3C2H6HKHAD8C,7H9HAS7S9C3S9SJC,4C6SJDQD7C2CTS4S,TH4H8DAC________,,,,,,,,,,,,,,,
7858,59,2,________AC______,3HKS6DQCQS7D4D5C,JHTC8H2S8S6CAH5H,3D5D5SJSQHKC2D9D,KDTD3C2H6HKHAD8C,7H9HAS7S9C3S9SJC,4C6SJDQD7C2CTS4S,TH4H8D__________,,,,,,,,,,,,,,,
7859,59,3,________2C______,3HKS6DQCQS7D4D5C,JHTC8H2S8S6CAH5H,3D5D5SJSQHKC2D9D,KDTD3C2H6HKHAD8C,7H9HAS7S9C3S9SJC,4C6SJDQD7C__TS4S,TH4H8D__________,,,,,,,,,,,,,,,
7926,59,2,________3C3D3H2S,__KS__KDKHKC____,__QD__QCQSQH____,__JS__JHJDJC____,__TH__TCTSTD____,__9C__9D9H9S____,__8D__8C8S8H____,__7C__7H7D7S____,__6H__6C6S6D____,__5S__5H5D5C____,__4H__4C4S4D____,__3S____________,,,,,,,,,,,
7938,60,1,________________,7C4SACJSJC2S9C5C,QD3D6H7SQHASJD8D,5H9HTD8H3HAH9STC,TS3C4DKHAD8S3S6S,6DJHQSTH5D2H7H9D,7DKS6CKD5SKC4CQC,2D4H2C8C________,,,,,,,,,,,,,,,
7939,60,2,8C______________,7C4SACJSJC2S9C5C,QD3D6H7SQHASJD8D,5H9HTD8H3HAH9STC,TS3C4DKHAD8S3S6S,6DJHQSTH5D2H7H9D,7DKS6CKD5SKC4CQC,2D4H2C__________,,,,,,,,,,,,,,,
7940,60,3,8C______________,7C4SACJSJC2S9C5C,QD3D6H7SQHASJD8D,5H9HTD8H3HAH9STC,TS3C4DKHAD8S3S6S,6DJHQSTH5D2H7H9D,7DKS6CKD5SKC4C__,2D4H2CQC________,,,,,,,,,,,,,,,
8027,60,2,________AC4D2H4S,__KSKC__KD__KH__,__QDQH__QC__QS__,__JSJC__JD__JH__,__TDTH__TS__TC__,__9C9S__9H__9D__,__8D8H__8S__8C__,__7C7S__7H__7D__,__6D6H__6C__6S__,__5C5S__5D__5H__,____4H__4C______,____3C__3H______,________2C______,,,,,,,,,,
8040,61,1,________________,4C2S2CTH7D8C5H8S,9C6CJHTSQD6D9SAS,JCAH2H6S7SAD3H3S,5CKH8DJDTDTC8H4D,5DJSKSKD3CQSAC9D,6H5S2D3D9H4H7HQC,7CQH4SKC________,,,,,,,,,,,,,,,
8041,61,2,________________,4C2S2CTH7D8C5H8S,9C6CJHTSQD6D9SAS,JCAH2H6S7SAD3H3S,5CKH8DJDTDTC8H4D,5DJSKSKD3CQSAC9D,6H5S2D3D9H4H7HQC,7C__4SKC________,______QH________,,,,,,,,,,,,,,
8042,61,3,7H______________,4C2S2CTH7D8C5H8S,9C6CJHTSQD6D9SAS,JCAH2H6S7SAD3H3S,5CKH8DJDTDTC8H4D,5DJSKSKD3CQSAC9D,6H5S2D3D9H4H__QC,7C__4SKC________,______QH________,,,,,,,,,,,,,,
8083,62,1,________________,7DTH5S9S8DTCTDJS,6CASKSAD4D5D3D6H,QH4CJH8H9HKC2CJD,JC7SKD6S4H3H5H9C,5C3C8S6DQDAC2S3S,7CQSAHKHTS8C2D4S,QC9D2H7H________,,,,,,,,,,,,,,,
8084,62,2,2H______________,7DTH5S9S8DTCTDJS,6CASKSAD4D5D3D6H,QH4CJH8H9HKC2CJD,JC7SKD6S4H3H5H9C,5C3C8S6DQDAC2S3S,7CQSAHKHTS8C2D4S,QC9D__7H________,,,,,,,,,,,,,,,
8085,62,3,2H__________AH__,7DTH5S9S8DTCTDJS,6CASKSAD4D5D3D6H,QH4CJH8H9HKC2CJD,JC7SKD6S4H3H5H9C,5C3C8S6DQDAC2S3S,7CQS__KHTS8C2D4S,QC9D__7H________,,,,,,,,,,,,,,,
8166,62,2,________4C4D4H4S,__KH__KCKDKS____,__QS__QDQCQH____,__JD__JSJHJC____,__TC__TDTSTH____,__9D__9C9H9S____,__8C__8H8S8D____,__7H__7S7D7C____,__6S__6H6C6D____,__5H__5S5D5C____,,,,,,,,,,,,,
8176,63,1,________________,4S4C5D8HASJC7D5H,ADACTC9C7CTD7HKC,8C6D9DTSQC5SQHJH,3D3SKS4D5C9HQD2D,7SQS2S8DJDKD3H6C,JS4HKH2CAHTH9S2H,6S8S6H3C________,,,,,,,,,,,,,,,
8177,63,2,____________AH__,4S4C5D8HASJC7D5H,ADACTC9C7CTD7HKC,8C6D9DTSQC5SQHJH,3D3SKS4D5C9HQD2D,7SQS2S8DJDKD3H6C,JS4HKH2C__TH9S2H,6S8S6H3C________,,,,,,,,,,,,,,,
8178,63,3,____________2H__,4S4C5D8HASJC7D5H,ADACTC9C7CTD7HKC,8C6D9DTSQC5SQHJH,3D3SKS4D5C9HQD2D,7SQS2S8DJDKD3H6C,JS4HKH2C__TH9S__,6S8S6H3C________,,,,,,,,,,,,,,,
8247,63,2,________2CAD5H4S,KDKCKH________KS,QCQDQS________QH,JDJSJH________JC,TSTHTC________TD,9H9S9D________9C,8C8D8S________8H,7D7S7H________7C,6C6D6S________6H,5D5C__________5S,4C4D____________,3D3C____________,__2D____________,,,,,,,,,,
8260,64,1,________________,QD9CAD9STDAC6HKH,2C4D7C7D5DJD3H5C,2D4S5S6CQSKDTS9H,JH4HTCJCQH3S5HKC,7S8C8H3C9D4C8S2S,JSQC8D6S7H6DAHAS,3D2HKSTH________,,,,,,,,,,,,,,,
8261,64,2,____________AH__,QD9CAD9STDAC6HKH,2C4D7C7D5DJD3H5C,2D4S5S6CQSKDTS9H,JH4HTCJCQH3S5HKC,7S8C8H3C9D4C8S2S,JSQC8D6S7H6D__AS,3D2HKSTH________,,,,,,,,,,,,,,,
8262,64,3,____________AHAS,QD9CAD9STDAC6HKH,2C4D7C7D5DJD3H5C,2D4S5S6CQSKDTS9H,JH4HTCJCQH3S5HKC,7S8C8H3C9D4C8S2S,JSQC8D6S7H6D____,3D2HKSTH________,,,,,,,,,,,,,,,
8329,64,2,________2CAD4H4S,KS____KH__KDKC__,QD____QS__QCQH__,JS____JH__JDJC__,TH____TC__TSTD__,9S____9H__9D9C__,8D____8C__8S8H__,7S____7D__7H7C__,6D____6C__6S6H__,5C____5D__5H5S__,4D________4C____,3C________3D____,2D______________,,,,,,,,,,
8342,65,1,________________,JC3HKH4SKSAS7HAH,5S8D5HJH3D3SQH8C,TDADTHQC5D5C4H8S,TC8H2C6C9S3C9D6S,KD9CQS4CAC6H7S7D,JDTS4D2SKC6DQD2D,JS9H2H7C________,,,,,,,,,,,,,,,
8343,65,2,________________,JC3HKH4SKSAS7HAH,5S8D5HJH3D3SQH8C,TDADTHQC5D5C4H8S,TC8H2C6C9S3C9D6S,KD9CQS4CAC6H7S7D,JDTS4D2SKC6DQD2D,__9H2H7C____JS__,,,,,,,,,,,,,,,
8344,65,3,________________,JC3HKH4SKSAS7HAH,5S8D5HJH3D3SQH8C,TDADTHQC5D5C4H8S,TC8H2C6C9S3C9D6S,KD9CQS4CAC6H7S7D,JDTS4D2SKC6DQD2D,__9H2H7C____JS__,,,,,,,,,,,,,,,
8409,65,2,________3C3D4H2S,____KH__KSKC__KD,____QS__QHQD__QC,____JD__JCJS__JH,____TS__TDTH__TC,____9H__9C9S__9D,____8S__8D8H__8C,____7D__7C7S__7H,____6S__6D6H__6C,____5H__5S5C__5D,____4S____4D__4C,__________3S____,,,,,,,,,,,
8421,66,1,________________,2DACQCKH5D8DQH2C,9D6S9H4S3CKS3HTS,JH7SAS3D3S8CAH7H,5C7DJDKCTCTH9CQS,9S4C4D8HADJC7CTD,6H5H6D5S2H8S4HQD,KD2S6CJS________,,,,,,,,,,,,,,,
8422,66,2,________________,2DACQCKH5D8DQH2C,9D6S9H4S3CKS3HTS,JH7SAS3D3S8CAH7H,5C7DJDKCTCTH9CQS,9S4C4D8HADJC7CTD,6H5H6D5S2H8S4HQD,KD2S6C________JS,,,,,,,,,,,,,,,
8423,66,3,5S______________,2DACQCKH5D8DQH2C,9D6S9H4S3CKS3HTS,JH7SAS3D3S8CAH7H,5C7DJDKCTCTH9CQS,9S4C4D8HADJC7CTD,6H5H6D__2H8S4HQD,KD2S6C________JS,,,,,,,,,,,,,,,
8528,66,2,________2C2D2HAS,KCKSQSKHKD______,QDQHJH__QC______,JSJCTS__JD______,TDTH9H__TC______,9S9C8C__9D______,8D8H7H__8S______,7C7S6C__7D______,6D6H5H__6S______,5C5S4S__5D______,4D4H3D__4C______,3C3S____3H______,________2S______,,,,,,,,,,
8541,67,1,________________,KH2SAHKC7SJH6D4C,8D2D6S3D8H5H9DTH,QD6C6H4SACQS9HAS,2C4DTDJC5D7HKSQH,9C8CKD3H8STC4H5S,QCTSJD3CJS9SAD7C,3S5C2H7D________,,,,,,,,,,,,,,,
8542,67,2,__________AD____,KH2SAHKC7SJH6D4C,8D2D6S3D8H5H9DTH,QD6C6H4SACQS9HAS,2C4DTDJC5D7HKSQH,9C8CKD3H8STC4H5S,QCTSJD3CJS9S__7C,3S5C2H7D________,,,,,,,,,,,,,,,
8543,67,3,__________AD____,KH2SAHKC7SJH6D4C,8D2D6S3D8H5H9DTH,QD6C6H4SACQS9HAS,2C4DTDJC5D7HKSQH,9C8CKD3H8STC__5S,QCTSJD3CJS9S__7C,3S5C2H7D________,__4H____________,,,,,,,,,,,,,,
8615,67,2,________3C3DAH2S,KH____KC____KSKD,QS____QD____QHQC,JH____JC____JSJD,TS____TD____THTC,9D____9C____9S9H,8C____8D____8H8S,7D____7C____7S7H,6S____6H____6D6C,5D____5C____5S5H,4S____4D____4H4C,____________3S3H,____________2H__,,,,,,,,,,
8628,68,1,________________,ADAH2CQDKD3C6S4S,8D8C4DJSKC7D6DKH,4CTD8H3S9H6HTH6C,3HJCKS2D9S2SAC5S,QC3DQS7C9C5CAS7H,TC4H8S5DQH5HJD9D,JH7STS2H________,,,,,,,,,,,,,,,
8629,68,2,JD______________,ADAH2CQDKD3C6S4S,8D8C4DJSKC7D6DKH,4CTD8H3S9H6HTH6C,3HJCKS2D9S2SAC5S,QC3DQS7C9C5CAS7H,TC4H8S5DQH5H__9D,JH7STS2H________,,,,,,,,,,,,,,,
8630,68,3,JD____________AS,ADAH2CQDKD3C6S4S,8D8C4DJSKC7D6DKH,4CTD8H3S9H6HTH6C,3HJCKS2D9S2SAC5S,QC3DQS7C9C5C__7H,TC4H8S5DQH5H__9D,JH7STS2H________,,,,,,,,,,,,,,,
8704,68,2,________3CAD2H2S,__KCKS__KD____KH,__QHQD__QS____QC,__JCJS__JD____JH,__TDTH__TS____TC,__9S9C__9H____9D,__8H8D__8C____8S,__7C7S__7D____7H,__6D6H__6S____6C,__5S5C__5D____5H,__4H4D__4C____4S,__3S____3D____3H,__2D____________,,,,,,,,,,
8717,69,1,________________,6D6HAC2D3D2SJS4D,JDKSQD4HTC9C3S2H,5C7D4S5SAS8S5HTH,KD7C7SAH3HQSKH9H,8D6S9D6C5D8H2CKC,7HQC3CTS4C9S8CAD,TDJCQHJH________,,,,,,,,,,,,,,,
8718,69,2,__________AD____,6D6HAC2D3D2SJS4D,JDKSQD4HTC9C3S2H,5C7D4S5SAS8S5HTH,KD7C7SAH3HQSKH9H,8D6S9D6C5D8H2CKC,7HQC3CTS4C9S8C__,TDJCQHJH________,,,,,,,,,,,,,,,
8719,69,3,__________AD____,6D6HAC2D3D2SJS4D,JDKSQD4HTC9C3S2H,5C7D4S5SAS8S5HTH,KD7C7SAH3HQSKH9H,8D6S9D6C5D8H2CKC,7HQC3CTS4C9S8CQH,TDJC__JH________,,,,,,,,,,,,,,,
8793,69,2,________2C4D2H3S,KCKSKH__KD______,QHQDQS__QC______,JSJCJD__JH______,THTDTC__TS______,9C9S9H__9D______,8D8H8C__8S______,7S7C7H__7D______,6D6H6S__6C______,5C5S5H__5D______,__4H4S__4C______,__3C____3H______,,,,,,,,,,,
8805,70,1,________________,2S4H5C4STS3HTH4C,9H3D7HQH9CKD9DAS,TD6HKS8S7C9S6S6D,5SAC2HQD7D8D3CQC,JC8HQSJSKC3S5D7S,JD5H2D8CTCKHAD2C,4D6CAHJH________,,,,,,,,,,,,,,,
8806,70,2,____________AH__,2S4H5C4STS3HTH4C,9H3D7HQH9CKD9DAS,TD6HKS8S7C9S6S6D,5SAC2HQD7D8D3CQC,JC8HQSJSKC3S5D7S,JD5H2D8CTCKHAD2C,4D6C__JH________,,,,,,,,,,,,,,,
8807,70,3,__________ADAH__,2S4H5C4STS3HTH4C,9H3D7HQH9CKD9DAS,TD6HKS8S7C9S6S6D,5SAC2HQD7D8D3CQC,JC8HQSJSKC3S5D7S,JD5H2D8CTCKH__2C,4D6C__JH________,,,,,,,,,,,,,,,
8873,70,2,________2C3D3H3S,KH__KC______KSKD,QS__QH______QDQC,JH__JC______JSJD,TC__TD______THTS,9D__9S______9C9H,8S__8D______8H8C,7D__7S______7C7H,6S__6D______6H6C,5D__5S______5C5H,4C__4D______4H4S,____________3C__,,,,,,,,,,,
8885,71,1,________________,QSQCJC4C5CAC5H6D,8H3C9C2HJD8DTS3D,6S4HAH5D3H2C7HTH,7S4SKS6CJSQD2D8S,KH8C7DKCJH6HTDAS,QH7CTCAD3S5S4D2S,9S9DKD9H________,,,,,,,,,,,,,,,
8886,71,2,2S______________,QSQCJC4C5CAC5H6D,8H3C9C2HJD8DTS3D,6S4HAH5D3H2C7HTH,7S4SKS6CJSQD2D8S,KH8C7DKCJH6HTDAS,QH7CTCAD3S5S4D__,9S9DKD9H________,,,,,,,,,,,,,,,
8887,71,3,2S____________AS,QSQCJC4C5CAC5H6D,8H3C9C2HJD8DTS3D,6S4HAH5D3H2C7HTH,7S4SKS6CJSQD2D8S,KH8C7DKCJH6HTD__,QH7CTCAD3S5S4D__,9S9DKD9H________,,,,,,,,,,,,,,,
8956,71,2,________3CAD2H2S,KD__KSKH____KC__,QS__QHQC____QD__,JH__JCJD____JS__,TC__TDTS____TH__,9D__9C9H____9S__,8S__8H8C____8D__,7D__7S7H____7C__,6S__6H6C____6D__,5H__5S5D____5C__,4S__4D4C____4H__,3H__3S3D________,____2D__________,,,,,,,,,,
8969,72,1,________________,KH2S4C4S9H4DQSKD,8C7H2D9D7CQCAC3S,QH6D9C8D5H7DTHJC,JD5C2CJH3H8SAD3C,AHASTC9SKS7SQDKC,TS6H5STD2H8H3DJS,4H6S6C5D________,,,,,,,,,,,,,,,
8970,72,2,________________,KH2S4C4S9H4DQSKD,8C7H2D9D7CQCAC3S,QH6D9C8D5H7DTHJC,JD5C2CJH3H8SAD3C,AHASTC9SKS7SQDKC,TS6H5STD2H8H3DJS,4H6S6C__________,____5D__________,,,,,,,,,,,,,,
8971,72,3,3D______________,KH2S4C4S9H4DQSKD,8C7H2D9D7CQCAC3S,QH6D9C8D5H7DTHJC,JD5C2CJH3H8SAD3C,AHASTC9SKS7SQDKC,TS6H5STD2H8H__JS,4H6S6C__________,____5D__________,,,,,,,,,,,,,,
9034,72,2,________3C2D4H2S,KH__KCKS______KD,QC__QDQH______QS,JD__JCJS______JH,TC__TDTH______TS,9H__9C9S______9D,8C__8D8H______8S,7H__7C7S______7D,6S__6D6H______6C,5D__5C5S______5H,4S__4D________4C,3D__3S__________,,,,,,,,,,,
9046,73,1,________________,JC2STH4D9H9C3C6C,AS2CADAH8DTSQD4C,8H7D8S3HQHKDTC5C,7HJH6DKC9S3D2DKH,6H4SKSQS2HACTDJD,JS5S6SQC5H3S5D7C,8C4H7S9D________,,,,,,,,,,,,,,,
9047,73,2,________________,JC2STH4D9H9C3C6C,AS2CADAH8DTSQD4C,8H7D8S3HQHKDTC5C,7HJH6DKC9S3D2DKH,6H4SKSQS2HACTDJD,JS5S6SQC5H3S5D7C,__4H7S9D________,______8C________,,,,,,,,,,,,,,
9048,73,3,________________,JC2STH4D9H9C3C6C,AS2CADAH8DTSQD4C,8H7D8S3HQHKDTC5C,7HJH6DKC9S3D2DKH,6H4SKSQS2HACTDJD,JS5S6SQC5H__5D7C,__4H7S9D________,__3S__8C________,,,,,,,,,,,,,,
9132,73,2,________4CAD4H2S,__KSKH__KDKC____,__QHQS__QCQD____,__JSJH__JDJC____,__THTS__TCTD____,__9S9H__9D9C____,__8D8S__8C8H____,__7C7D__7H7S____,__6H6C__6S6D____,__5S5H__5D5C____,__4D____4S______,__3S____3D______,__2D____________,,,,,,,,,,
9145,74,1,________________,JD9SKD7C7HAC5SQS,7D3D9C9HKC5DTS2D,5HQH3SADKSQC2HJC,9D8H3C2C8C3H8S6C,6S6HJHTD4SAHJSAS,TH5CKHTC4H7S8DQD,4D6D2S4C________,,,,,,,,,,,,,,,
9146,74,2,________________,JD9SKD7C7HAC5SQS,7D3D9C9HKC5DTS2D,5HQH3SADKSQC2HJC,9D8H3C2C8C3H8S6C,6S6HJHTD4SAHJSAS,TH5CKHTC4H__8DQD,4D6D2S4C____7S__,,,,,,,,,,,,,,,
9147,74,3,________________,JD9SKD7C7HAC5SQS,7D3D9C9HKC5DTS2D,5HQH3SADKSQC2HJC,9D8H3C2C8C3H8S6C,6S6HJHTD4SAHJSAS,TH5CKHTC4H__8DQD,4D__2S4C____7S__,____________6D__,,,,,,,,,,,,,,
9215,74,2,________3C4D5H4S,__KD__KSKCKH____,__QS__QHQDQC____,__JD__JCJSJH____,__TS__TDTHTC____,__9D__9S9C9H____,__8S__8D8H8C____,__7D__7S7C7H____,__6S__6D6H6C____,______5C5S5D____,__________4C____,,,,,,,,,,,,
9226,75,1,________________,TC9H6D6S4D2HTDQC,7H8DJC4C4SQSKC6H,KHKS2S7D3SKD8SJH,ASTH5DQHADQD9D4H,3H5H2CAC7STS9S8H,3DJD3CAH5C8CJS6C,7C5S2D9C________,,,,,,,,,,,,,,,
9227,75,2,9C______________,TC9H6D6S4D2HTDQC,7H8DJC4C4SQSKC6H,KHKS2S7D3SKD8SJH,ASTH5DQHADQD9D4H,3H5H2CAC7STS9S8H,3DJD3CAH5C8CJS6C,7C5S2D__________,,,,,,,,,,,,,,,
9228,75,3,9C__________AH__,TC9H6D6S4D2HTDQC,7H8DJC4C4SQSKC6H,KHKS2S7D3SKD8SJH,ASTH5DQHADQD9D4H,3H5H2CAC7STS9S8H,3DJD3C__5C8CJS6C,7C5S2D__________,,,,,,,,,,,,,,,
9310,75,2,________4C4D2H3S,__KS__KCKH____KD,__QH__QDQC____QS,__JS__JCJH____JD,__TH__TDTC____TS,__9C__9S9H____9D,__8D__8H8C____8S,__7S__7C7H____7D,__6D__6H6C____6S,__5S__5C5D____5H,__4H____4S______,________3H______,,,,,,,,,,,
9322,76,1,________________,QS7S5H7D2SKCTHQC,2DTSQH3D3S8C4SAS,4DJC7H6CJHJD9DQD,KSAC2H6S5DJS3H2C,5S9S7C5C9C8S3C6H,AHKD8HTDTC6D4CKH,9H4H8DAD________,,,,,,,,,,,,,,,
9323,76,2,__________AD____,QS7S5H7D2SKCTHQC,2DTSQH3D3S8C4SAS,4DJC7H6CJHJD9DQD,KSAC2H6S5DJS3H2C,5S9S7C5C9C8S3C6H,AHKD8HTDTC6D4CKH,9H4H8D__________,,,,,,,,,,,,,,,
9324,76,3,__________AD____,QS7S5H7D2SKCTHQC,2DTSQH3D3S8C4SAS,4DJC7H6CJHJD9DQD,KSAC2H6S5DJS3H2C,5S9S7C5C9C8S3C6H,AHKD8HTDTC6D4CKH,__4H8D__9H______,,,,,,,,,,,,,,,
9400,76,2,________2C2D3H4S,KDKH__KS__KC____,QSQC__QD__QH____,JDJH__JC__JS____,TSTC__TH__TD____,9H9D__9C__9S____,8S8C__8H__8D____,7H7D__7S__7C____,6S6C__6H__6D____,5H5D__5C__5S____,4C____4D__4H____,3D________3C____,,,,,,,,,,,
9412,77,1,________________,7H3STSKSQD2H8D9D,5H8HQH6DTC9SAD3H,6C4C3CQC6S5S5DAH,4SAC7CTH6H7D5CQS,KDJDASJH3D7S4D9H,KHTD9C2C4H8SKCJC,JS2S8C2D________,,,,,,,,,,,,,,,
9413,77,2,2S______________,7H3STSKSQD2H8D9D,5H8HQH6DTC9SAD3H,6C4C3CQC6S5S5DAH,4SAC7CTH6H7D5CQS,KDJDASJH3D7S4D9H,KHTD9C2C4H8SKCJC,JS__8C2D________,,,,,,,,,,,,,,,
9414,77,3,2S8C____________,7H3STSKSQD2H8D9D,5H8HQH6DTC9SAD3H,6C4C3CQC6S5S5DAH,4SAC7CTH6H7D5CQS,KDJDASJH3D7S4D9H,KHTD9C2C4H8SKCJC,JS____2D________,,,,,,,,,,,,,,,
9480,77,2,________4C3D4H3S,7HKHKCKS________,5HQCQHQD________,6CJDJCJS________,4STSTHTD________,KD9H9C9S________,QS8C8D8H________,JH7D7S7C________,TC6S6H6D________,9D5D5C5S________,8S____4D________,,,,,,,,,,,,
9496,77,2,________6C5D5H4S,__KHKCKSKD______,__QCQHQDQS______,__JDJCJSJH______,__TSTHTDTC______,__9H9C9S9D______,__8C8D8H8S______,__7D7S7C7H______,__6S6H6D________,______5S________,,,,,,,,,,,,,
9506,78,1,________________,KD8H3CTHKH9H2H9C,QDJS7C9D6SJCACJD,2C8C7D2D2S4D5SAS,9S5C4STC3D6C7S5D,QC5H3S4H6D3HTS8S,KC7HJHQSAH6HADQH,8DKSTD4C________,,,,,,,,,,,,,,,
9507,78,2,____________AH__,KD8H3CTHKH9H2H9C,QDJS7C9D6SJCACJD,2C8C7D2D2S4D5SAS,9S5C4STC3D6C7S5D,QC5H3S4H6D3HTS8S,KC7HJHQS__6HADQH,8DKSTD4C________,,,,,,,,,,,,,,,
9508,78,3,__________ADAH__,KD8H3CTHKH9H2H9C,QDJS7C9D6SJCACJD,2C8C7D2D2S4D5SAS,9S5C4STC3D6C7S5D,QC5H3S4H6D3HTS8S,KC7HJHQS__6H__QH,8DKSTD4C________,,,,,,,,,,,,,,,
9604,78,2,________2C4D3H4S,KD______KHKCKS__,QC______QSQDQH__,JD______JHJSJC__,TC______TSTHTD__,9H______9D9S9C__,8C______8S8H8D__,7H______7D7C7S__,6C______6S6H6D__,5H______5D5C5S__,________4C__4H__,____________3C__,,,,,,,,,,,
9616,79,1,________________,JH4S8D8C9H5SKCQC,6D7C9CADKH3HTHTC,JDJC4D8S5HQS2S9S,QD2DTS6HTDASJSKS,2H3C4C7SAH2C3S6S,QH6C9D3DAC7H8HKD,4H5D7D5C________,,,,,,,,,,,,,,,
9617,79,2,________AC______,JH4S8D8C9H5SKCQC,6D7C9CADKH3HTHTC,JDJC4D8S5HQS2S9S,QD2DTS6HTDASJSKS,2H3C4C7SAH2C3S6S,QH6C9D3D__7H8HKD,4H5D7D5C________,,,,,,,,,,,,,,,
9618,79,3,________AC__AH__,JH4S8D8C9H5SKCQC,6D7C9CADKH3HTHTC,JDJC4D8S5HQS2S9S,QD2DTS6HTDASJSKS,2H3C4C7S__2C3S6S,QH6C9D3D__7H8HKD,4H5D7D5C________,,,,,,,,,,,,,,,
9712,79,2,________7C6D5H4S,____KHKD____KCKS,____QCQS____QDQH,____JHJD____JSJC,____TSTC____THTD,____9H9D____9C9S,____8S8C____8D8H,____7H7D______7S,______6S______6H,______________5S,,,,,,,,,,,,,
9722,80,1,________________,QDQSAD4D5DQC5CJD,3H9H8C8DTC7H9DAH,KH3DAC2C4H4C3C9S,QH2S7SKS6DASTS9C,KDTD4S3S6S6C2DKC,TH2HJH5H8S6HJCJS,5S7C8H7D________,,,,,,,,,,,,,,,
9723,80,2,________________,QDQSAD4D5DQC5CJD,3H9H8C8DTC7H9DAH,KH3DAC2C4H4C3C9S,QH2S7SKS6DASTS9C,KDTD4S3S6S6C2DKC,TH2HJH5H8S6HJCJS,5S__8H7D________,____7C__________,,,,,,,,,,,,,,
9724,80,3,________________,QDQSAD4D5DQC5CJD,3H9H8C8DTC7H9DAH,KH3DAC2C4H4C3C9S,QH2S7SKS6DASTS9C,KDTD4S3S6S6C2DKC,TH2HJH5H8S__JCJS,5S__8H7D________,____7C__________,____6H__________,,,,,,,,,,,,,
9808,80,2,________ACAD4H4S,__KDKHKS____KC__,__QSQCQH____QD__,__JDJHJS____JC__,__TSTCTD____TH__,__9D9H9C____9S__,__8S8C8D____8H__,__7D7H7S____7C__,__6S6C6D____6H__,__5H5D5C____5S__,__4C________4D__,__3D________3C__,__2C________2D__,,,,,,,,,,
9821,81,1,________________,7D4SAS8S5C7CKC3H,TH7H2SKH9S4D9DJC,6D6S9C2CKS2D4CJD,AC3D9HTC8D8C5D8H,6HKD5S7S2HTS6CJH,AHADTDQS3CQC3SJS,QD5H4HQH________,,,,,,,,,,,,,,,
9822,81,2,QD______________,7D4SAS8S5C7CKC3H,TH7H2SKH9S4D9DJC,6D6S9C2CKS2D4CJD,AC3D9HTC8D8C5D8H,6HKD5S7S2HTS6CJH,AHADTDQS3CQC3SJS,__5H4HQH________,,,,,,,,,,,,,,,
9823,81,3,QD__________AH__,7D4SAS8S5C7CKC3H,TH7H2SKH9S4D9DJC,6D6S9C2CKS2D4CJD,AC3D9HTC8D8C5D8H,6HKD5S7S2HTS6CJH,__ADTDQS3CQC3SJS,__5H4HQH________,,,,,,,,,,,,,,,
9904,81,2,________5C3D6H2S,KD__KH____KSKC__,QC__QS____QHQD__,JH__JD____JCJS__,TS__TC____TDTH__,9D__9H____9S9C__,8C__8S____8D8H__,7D__7H____7S7C__,6C__6S______6D__,5D__________5S__,4S__________4D__,____________3S__,,,,,,,,,,,
9916,82,1,________________,6H8C4HQS7S4D2DJH,9S6DTS3S6S2HASKS,KD9H3D5H2C5CAH5D,8HTC3CTDJSKC7D5S,4C9D3H7HJDAC6C9C,7C2S4SQCKH8DTHQH,JCQD8SAD________,,,,,,,,,,,,,,,
9917,82,2,__________AD____,6H8C4HQS7S4D2DJH,9S6DTS3S6S2HASKS,KD9H3D5H2C5CAH5D,8HTC3CTDJSKC7D5S,4C9D3H7HJDAC6C9C,7C2S4SQCKH8DTHQH,JCQD8S__________,,,,,,,,,,,,,,,
9918,82,3,__________AD____,6H8C4HQS7S4D2DJH,9S6DTS3S6S2HASKS,KD9H3D5H2C5CAH5D,8HTC3CTDJSKC7D5S,4C9D3H7HJDAC6C9C,7C2S4S__KH8DTHQH,JCQD8S__QC______,,,,,,,,,,,,,,,
9983,82,2,________3C3D4H4S,KHKC________KSKD,QSQH________QDQC,JDJS________JCJH,TSTD________THTC,9H9S________9C9D,8S8H________8D8C,7H7S________7C7D,6S6H________6D6C,5H5C________5S5D,____________4D4C,,,,,,,,,,,,
9994,83,1,________________,3HAH4DKH8D8SJC4C,7DKS3D9CAC9S4S6C,KD5C3S8H3C9H2D5H,TC6D7S6HQSTD2CJS,QD5SKC6STH5D2H7H,AD9D2SQH8CJDJH4H,TS7CQCAS________,,,,,,,,,,,,,,,
9995,83,2,______________AS,3HAH4DKH8D8SJC4C,7DKS3D9CAC9S4S6C,KD5C3S8H3C9H2D5H,TC6D7S6HQSTD2CJS,QD5SKC6STH5D2H7H,AD9D2SQH8CJDJH4H,TS7CQC__________,,,,,,,,,,,,,,,
9996,83,3,______________AS,3HAH4DKH8D8SJC4C,7DKS3D9CAC9S4S6C,KD5C3S8H3C9H2D5H,TC6D7S6HQSTD2CJS,QD5SKC6STH5D2H7H,AD9D2SQH8CJDJH4H,__7CQC____TS____,,,,,,,,,,,,,,,
10053,83,2,________2C4DAH3S,KC__KSKHKD______,QD__QHQSQC______,JS__JCJHJD______,TH__TDTCTS______,9C__9S9H9D______,8H__8D8S8C______,7S__7C7H7D______,6D__6H6C6S______,5S__5C5H5D______,4H____4C4S______,3C______3H______,2H______________,,,,,,,,,,
10066,84,1,________________,5CADTD7SKC4D7C8C,QC9D8S7D6S9CTHJD,4CAC2CJS2DJC2HJH,6DQD9H3S3H3C9S5H,ASKS5D5S4HQHTS4S,KH6C7H8D8HKDTC3D,2SQSAH6H________,,,,,,,,,,,,,,,
10067,84,2,____________AH__,5CADTD7SKC4D7C8C,QC9D8S7D6S9CTHJD,4CAC2CJS2DJC2HJH,6DQD9H3S3H3C9S5H,ASKS5D5S4HQHTS4S,KH6C7H8D8HKDTC3D,2SQS__6H________,,,,,,,,,,,,,,,
10068,84,3,____________AH__,5CADTD7SKC4D7C8C,QC9D8S7D6S9CTHJD,4CAC2CJS2DJC2HJH,6DQD9H3S3H3C9S5H,ASKS5D5S4HQHTS4S,KH6C7H8D8HKDTC3D,2S____6H__QS____,,,,,,,,,,,,,,,
10137,84,2,________AC2D2H2S,KH__KSKDKC______,QC__QDQSQH______,JD__JSJHJC______,TS__THTCTD______,9H__9S9D9C______,8S__8H8C8D______,7H__7C7D7S______,6C__6H6S6D______,5H__5C5D5S______,4S__4H4C4D______,3D__3S3H3C______,______2C________,,,,,,,,,,
10150,85,1,________________,AH5H2C9D2HAD5D7D,QH6S8DJH7H9C5C2D,TC5S3HQDJS4H8H3D,8SJD3SJCKSKHKC4C,3CAS4SQS6C9HTDTH,8CQC4D2SKD7C6D7S,9S6HTSAC________,,,,,,,,,,,,,,,
10151,85,2,________AC______,AH5H2C9D2HAD5D7D,QH6S8DJH7H9C5C2D,TC5S3HQDJS4H8H3D,8SJD3SJCKSKHKC4C,3CAS4SQS6C9HTDTH,8CQC4D2SKD7C6D7S,9S6HTS__________,,,,,,,,,,,,,,,
10152,85,3,________AC______,AH5H2C9D2HAD5D7D,QH6S8DJH7H9C5C2D,TC5S3HQDJS4H8H3D,8SJD3SJCKSKHKC4C,3CAS4SQS6C9HTDTH,8CQC4D2SKD7C6D7S,9S__TS________6H,,,,,,,,,,,,,,,
10234,85,2,________2C2DAH3S,KC__KD____KSKH__,QD__QC____QHQS__,JC__JH____JSJD__,TD__TC____THTS__,9S__9D____9C9H__,8H__8S____8D8C__,7C__7H____7S7D__,6D__6C____6H6S__,5C__5H____5S5D__,4D__4C____4H4S__,____3D____3C3H__,__________2H____,,,,,,,,,,
10247,86,1,________________,5C5S7D6C8STS4H5D,KH9CAH8H9DJC9S4C,2HQHQD7S6SAS2S3H,3D6D7H9H2CQCQSTH,6HACJD5HAD3S2D4D,JSTDKS4STCKD3C8C,7C8DKCJH________,,,,,,,,,,,,,,,
10248,86,2,________________,5C5S7D6C8STS4H5D,KH9CAH8H9DJC9S4C,2HQHQD7S6SAS2S3H,3D6D7H9H2CQCQSTH,6HACJD5HAD3S2D4D,JSTDKS4STCKD3C8C,__8DKCJH________,__7C____________,,,,,,,,,,,,,,
10249,86,3,________________,5C5S7D6C8STS4H5D,KH9CAH8H9DJC9S4C,2HQHQD7S6SAS2S3H,3D6D7H9H2CQCQSTH,6HACJD5HAD3S2D4D,JSTDKS4S__KD3C8C,__8DKCJH________,__7C__TC________,,,,,,,,,,,,,,
10321,86,2,________3C4D2H2S,KDKH__KSKC______,QCQS__QDQH______,JDJH__JCJS______,TSTC__THTD______,9H9D__9S9C______,8C8S__8H8D______,7H7D__7S7C______,6C6S__6H6D______,5D5H__5C5S______,4C4S____4H______,3H______3S______,,,,,,,,,,,
10333,87,1,________________,3D4CTH2D3S9CAC7H,5SJHKH3H4SKC9D2C,JSTSQDAH4D6D2SJC,8S7S6HTD8D2HKS6C,QS9H8CAS3C5DAD5H,QCKDJD4H5C7DTC7C,6S9S8HQH________,,,,,,,,,,,,,,,
10334,87,2,________________,3D4CTH2D3S9CAC7H,5SJHKH3H4SKC9D2C,JSTSQDAH4D6D2SJC,8S7S6HTD8D2HKS6C,QS9H8CAS3C5DAD5H,QCKDJD4H5C7DTC7C,6S9S__QH________,__8H____________,,,,,,,,,,,,,,
10335,87,3,________________,3D4CTH2D3S9CAC7H,5SJHKH3H4SKC9D2C,JSTSQDAH4D6D2SJC,8S7S6HTD8D2HKS6C,QS9H8CAS3C5DAD5H,QCKDJD4H5C7DTC__,6S9S__QH________,__8H____________,__7C____________,,,,,,,,,,,,,
10416,87,2,________AC2D2H2S,____KDKCKS____KH,____QCQDQH____QS,____JHJCJS____JD,____TSTDTH____TC,____9D9S9C____9H,____8S8H8D____8C,____7D7C7S____7H,____6S6H6D____6C,____5D5C5S____5H,____4C4H4D____4S,____3D3C3S____3H,______________2C,,,,,,,,,,
10429,88,1,________________,5H3HQD8HTH6SKDAS,7S2D8DAC3DTSKH9D,JHJS8STD4D9S7HQC,7D7C2C3S9CQS4H9H,6H6DKC3C5D2SAH5C,JD5S4S2H6CJCQHAD,4C8CKSTC________,,,,,,,,,,,,,,,
10430,88,2,________________,5H3HQD8HTH6SKDAS,7S2D8DAC3DTSKH9D,JHJS8STD4D9S7HQC,7D7C2C3S9CQS4H9H,6H6DKC3C5D2SAH5C,JD5S4S2H6CJC__AD,4C8CKSTC________,____QH__________,,,,,,,,,,,,,,
10431,88,3,________________,5H3HQD8HTH6SKDAS,7S2D8DAC3DTSKH9D,JHJS8STD4D9S7HQC,7D7C2C3S9CQS4H9H,6H6DKC3C5D2SAH5C,JD5S4S2H6C____AD,4C8CKSTC________,____QH__________,____JC__________,,,,,,,,,,,,,
10498,88,2,________3C4D5H6S,______KH__KCKDKS,______QS__QDQCQH,______JD__JSJHJC,______TC__THTSTD,______9H__9S9D9C,______8C__8D8S8H,______7H__7S7D7C,______6C__6H__6D,______5D______5C,______4C________,,,,,,,,,,,,
10509,89,1,________________,3SQC5CQHASJH6D4C,4D5HJS2CQDKC6S4H,7C9C7S4SKHAD6CKS,2H9HKD2DTD8H5D9D,8C3HTC7HTHAH5SJD,QSTS7DJC8S3CAC9S,3D6H8D2S________,,,,,,,,,,,,,,,
10510,89,2,________AC______,3SQC5CQHASJH6D4C,4D5HJS2CQDKC6S4H,7C9C7S4SKHAD6CKS,2H9HKD2DTD8H5D9D,8C3HTC7HTHAH5SJD,QSTS7DJC8S3C__9S,3D6H8D2S________,,,,,,,,,,,,,,,
10511,89,3,________AC______,3SQC5CQHASJH6D4C,4D5HJS2CQDKC6S4H,7C9C7S4SKHAD6CKS,2H9HKD2DTD8H5D9D,8C3HTC7HTHAH5SJD,QSTS7DJC8S3C__9S,3D6H__2S______8D,,,,,,,,,,,,,,,
10610,89,2,________5C5D6H4S,__KD__KH____KSKC,__QS__QC____QHQD,__JD__JH____JCJS,__TC__TS____THTD,__9D__9H____9S9C,__8S__8C____8D8H,__7D__7H____7C7S,__6S__6C____6D__,____________5S__,,,,,,,,,,,,,
10620,90,1,________________,JD3C8S4H4C9D3HAC,7H9C6S5DQHKCKSTH,JC8HTC9S6D7C8D6C,2C8CTD2HAS5S5C4S,7D2S4D3DQD7SJHQC,AD6HTS2D5HKDQS9H,AH3SJSKH________,,,,,,,,,,,,,,,
10621,90,2,____________AH__,JD3C8S4H4C9D3HAC,7H9C6S5DQHKCKSTH,JC8HTC9S6D7C8D6C,2C8CTD2HAS5S5C4S,7D2S4D3DQD7SJHQC,AD6HTS2D5HKDQS9H,__3SJSKH________,,,,,,,,,,,,,,,
10622,90,3,__________ADAH__,JD3C8S4H4C9D3HAC,7H9C6S5DQHKCKSTH,JC8HTC9S6D7C8D6C,2C8CTD2HAS5S5C4S,7D2S4D3DQD7SJHQC,__6HTS2D5HKDQS9H,__3SJSKH________,,,,,,,,,,,,,,,
10684,90,2,________4C4D2H2S,KC____KD____KHKS,QH____QS____QCQD,JC____JD____JHJS,TH____TC____TSTD,9C____9D____9H9S,8H____8S____8C8D,7C____7H____7D7S,6H____6S____6C6D,5C____5D____5H5S,____________4S4H,____________3H3S,,,,,,,,,,,
10696,91,1,________________,9C9HAC6D6SKHAS6H,3HJD5S2DKSTD7C2H,5CKDTC9SQH7H5H7S,2C3STHAD4DTSQS2S,8D3C8CQD8S4HJSAH,JC6C4S4CKC7D5D9D,8HQCJH3D________,,,,,,,,,,,,,,,
10697,91,2,________________,9C9HAC6D6SKHAS6H,3HJD5S2DKSTD7C2H,5CKDTC9SQH7H5H7S,2C3STHAD4DTSQS2S,8D3C8CQD8S4HJSAH,JC6C4S4CKC7D5D9D,8HQC__3D________,__JH____________,,,,,,,,,,,,,,
10698,91,3,________________,9C9HAC6D6SKHAS6H,3HJD5S2DKSTD7C2H,5CKDTC9SQH7H5H7S,2C3STHAD4DTSQS2S,8D3C8CQD8S4HJSAH,JC6C4S__KC7D5D9D,8HQC________4C__,__JH________3D__,,,,,,,,,,,,,,
10769,91,2,________2C4D3H4S,__KSKD____KH__KC,__QHQS____QC__QD,__JSJD____JH__JC,__THTC____TS__TD,__9C9H____9D__9S,__8D8S____8C__8H,__7C7H____7D__7S,__6D6S____6C__6H,__5C5H____5D__5S,__________4C__4H,______________3C,,,,,,,,,,,
10781,92,1,________________,JSTC4C3DTHKSKD5C,JDAS8SAHQS4H6HJH,5HAC9D7H2H5D3H8H,QD4D2CADKH7C9S4S,9H6C5S8D6D7S6SJC,TD3S8CQCQH7D2D9C,TSKC3C2S________,,,,,,,,,,,,,,,
10782,92,2,________________,JSTC4C3DTHKSKD5C,JDAS8SAHQS4H6HJH,5HAC9D7H2H5D3H8H,QD4D2CADKH7C9S4S,9H6C5S8D6D7S6SJC,TD3S8CQCQH7D__9C,TSKC3C2S________,____2D__________,,,,,,,,,,,,,,
10783,92,3,________________,JSTC4C3DTHKSKD5C,JDAS8SAHQS4H6HJH,5HAC9D7H2H5D3H8H,QD4D2CADKH7C9S4S,9H6C5S8D6D7S__JC,TD3S8CQCQH7D__9C,TSKC3C2S__6S____,____2D__________,,,,,,,,,,,,,,
10926,92,2,________4C3D2H3S,______KH__KSKDKC,______QS__QHQCQD,______JD__JCJHJS,______TC__TDTSTH,______9D__9C9H9S,______8S__8H8C8D,______7D__7S7H7C,______6S__6D6C6H,______5D__5C5H5S,__________4H4S4D,____________3H__,,,,,,,,,,,
10938,93,1,xxxxxxxxxxxxxxxx,5D6HTC9DKH8DTHAC,5H3S4CAS4D7STD7D,JCJHQH7CJDKC2HQD,9HKS5S8C4S9S2S8S,2DAHADQS4H6S8H9C,QC3C6C3H6DTS5CKD,7HJS2C3Dxxxxxxxx,,,,,,,,,,,,,,,
10939,93,2,________________,5D6HTC9DKH8DTHAC,5H3S4CAS4D7STD7D,JCJHQH7CJDKC2HQD,9HKS5S8C4S9S2S8S,2DAHADQS4H6S8H9C,QC3C6C3H6DTS5CKD,7HJS2C3D________,,,,,,,,,,,,,,,
10940,93,3,7H______________,5D6HTC9DKH8DTHAC,5H3S4CAS4D7STD7D,JCJHQH7CJDKC2HQD,9HKS5S8C4S9S2S8S,2DAHADQS4H6S8H9C,QC3C6C3H6DTS5CKD,__JS2C3D________,,,,,,,,,,,,,,,
10956,93,3,________________,5D6HTC9DKH8DTHAC,5H3S4CAS4D7STD7D,JCJHQH7CJDKC2HQD,9HKS5S8C4S9S2S8S,2DAHADQS4H6S8H9C,QC3C6C3H6DTS5CKD,7HJS2C3D________,,,,,,,,,,,,,,,
10995,93,3,________________,5D6HTC9DKH8DTHAC,5H3S4CAS4D7STD7D,JCJHQH7CJDKC2HQD,9HKS5S8C4S9S2S8S,2DAHADQS4H6S8H9C,QC3C6C3H6DTS5CKD,7HJS2C3D________,,,,,,,,,,,,,,,
11082,93,2,________5C6D2H3S,KC__KS__KH__KD__,QD__QH__QS__QC__,JC__JS__JH__JD__,TH__TD__TS__TC__,9S__9C__9H__9D__,8D__8H__8S__8C__,7S__7C__7D__7H__,6H______6S__6C__,5S__________5H__,4H__________4S__,____________3H__,,,,,,,,,,,
11094,94,1,xxxxxxxxxxxxxxxx,JCQC4SAH4D7CQD4C,KH2CKC8S2H9H6C8D,TS7SJDQSKD5SAC6H,5C2S9D3C6D8H3H5H,ASADJS3S3DQH7D9S,4HJH9CTH5D8C2DKS,TC6S7HTDxxxxxxxx,,,,,,,,,,,,,,,
11095,94,2,________________,JCQC4SAH4D7CQD4C,KH2CKC8S2H9H6C8D,TS7SJDQSKD5SAC6H,5C2S9D3C6D8H3H5H,ASADJS3S3DQH7D9S,4HJH9CTH5D8C2DKS,TC6S7HTD________,,,,,,,,,,,,,,,
11096,94,3,________________,JCQC4SAH4D7CQD4C,KH2CKC8S2H9H6C8D,TS7SJDQSKD5SAC6H,5C2S9D3C6D8H3H5H,ASADJS3S3DQH7D9S,4HJH9CTH5D8C2DKS,TC6S__TD__7H____,,,,,,,,,,,,,,,
11176,94,2,________2C5D3H4S,__KCKHKS______KD,__QDQSQH______QC,__JCJHJS______JD,__THTCTD______TS,__9S9H9C______9D,__8D8S8H______8C,__7S7H7C______7D,__6D6C6H______6S,__5S5H5C________,____4C4H________,______3C________,,,,,,,,,,,
11188,95,1,xxxx9Dxx2C2D4H5S,KHQDKCKS7DKD7C8S,QCTSQHxx6CQS6H8H,JD3CJCxx5HJH5CJS,TCxxTHxxxxxx4DTD,9Hxx9Sxxxxxxxx9C,8Cxx8Dxxxxxxxxxx,7Hxx7Sxxxxxxxxxx,6Sxx6Dxxxxxxxxxx,5Dxxxxxxxxxxxxxx,4Cxxxxxxxxxxxxxx,3Dxxxxxxxxxxxxxx,,,,,,,,,,,
11189,95,2,____9D__2C2D4H5S,KHQDKCKS7DKD7C8S,QCTSQH__6CQS6H8H,JD3CJC__5HJH5CJS,TC__TH______4DTD,9H__9S________9C,8C__8D__________,7H__7S__________,6S__6D__________,5D______________,4C______________,3D______________,,,,,,,,,,,
11190,95,3,____9D__3C2D4H5S,KHQDKCKS7DKD7C8S,QCTSQH__6CQS6H8H,JD__JC__5HJH5CJS,TC__TH______4DTD,9H__9S________9C,8C__8D__________,7H__7S__________,6S__6D__________,5D______________,4C______________,3D______________,,,,,,,,,,,
11200,95,2,________3C2D4H5S,KH__KCKS__KD____,QC__QHQD__QS____,JD__JCJS__JH____,TC__THTD__TS____,9H__9S9C__9D____,8C__8D8H__8S____,7H__7S7C__7D____,6S__6D6H__6C____,5D____5C__5H____,4C____4D________,3D______________,,,,,,,,,,,
11212,96,1,7H______AC______,4C2S2CTH7D8C5H8S,9C6CJHTSQD6D9SAS,JCAH2H6S7SAD3H3S,5CKH8DJDTDTC8H4D,5DJSKSKD3CQS7C9D,4S__2D3D9H__6HQC,______KC____5S__,______QH____4H__,,,,,,,,,,,,,,
11213,96,2,7H______AC______,4C2S2CTH7D8C5H8S,9C6CJHTSQD6D9SAS,JCAH2H6S7SAD3H3S,5CKH8DJDTDTC8H4D,5DJSKSKD3CQS7C9D,4S__2D3D9H__6HQC,______KC____5S__,______QH____4H__,,,,,,,,,,,,,,
11214,96,3,7H______AC______,4C2S2CTH7D8C5H8S,9C6CJHTSQD6D9SAS,JCAH2H6S7SAD3H3S,5CKH8DJDTDTC8H4D,5D__KSKD3CQS7C9D,4S__2D3D9H__6HQC,______KC____5S__,______QH____4H__,______JS________,,,,,,,,,,,,,
11298,96,2,________4C6D3H7S,__KD____KSKC__KH,__QS____QHQD__QC,__JD____JSJC__JH,__TC____THTD__TS,__9D____9S9C__9H,__8S____8H8D__8C,__7H______7C__7D,__6C______6H____,__5H______5C____,__________4H____,,,,,,,,,,,,
11309,97,1,________________,7H3DKS6H4S5S2HQS,JC5C8STS4DQD9DAD,TCKD3CTDJD8HQH2S,AH2CKC3S8C6D5HJH,7C9S9CJSAC4C8DTH,KH6C3H7DQC4H5DAS,9H6S2D7S________,,,,,,,,,,,,,,,
11310,97,2,______________AS,7H3DKS6H4S5S2HQS,JC5C8STS4DQD9DAD,TCKD3CTDJD8HQH2S,AH2CKC3S8C6D5HJH,7C9S9CJSAC4C8DTH,KH6C3H7DQC4H5D__,9H6S2D7S________,,,,,,,,,,,,,,,
11311,97,3,9H____________AS,7H3DKS6H4S5S2HQS,JC5C8STS4DQD9DAD,TCKD3CTDJD8HQH2S,AH2CKC3S8C6D5HJH,7C9S9CJSAC4C8DTH,KH6C3H7DQC4H5D__,__6S2D7S________,,,,,,,,,,,,,,,
11387,97,2,________3C3D4H3S,____KSKCKD____KH,____QDQHQS____QC,____JSJCJH____JD,____TDTHTS____TC,____9C9S9H____9D,____8D8H8S____8C,____7S7C7H____7D,____6D6H6C____6S,____5C5S5H____5D,______4D4S____4C,,,,,,,,,,,,
11398,98,1,________________,3S5H7S8H8D6SKHKS,2H5S8C4CAD5D7H2S,6D5CQDJC4DKCTCTH,2D2C3H3D4H9SAHQC,JS7C9C6CQHJH6HJD,9DTSAC8S3CQSTDKD,7D4SAS9H________,,,,,,,,,,,,,,,
11399,98,2,______________AS,3S5H7S8H8D6SKHKS,2H5S8C4CAD5D7H2S,6D5CQDJC4DKCTCTH,2D2C3H3D4H9SAHQC,JS7C9C6CQHJH6HJD,9DTSAC8S3CQSTDKD,7D4S__9H________,,,,,,,,,,,,,,,
11400,98,3,________AC____AS,3S5H7S8H8D6SKHKS,2H5S8C4CAD5D7H2S,6D5CQDJC4DKCTCTH,2D2C3H3D4H9SAHQC,JS7C9C6CQHJH6HJD,9DTS__8S3CQSTDKD,7D4S__9H________,,,,,,,,,,,,,,,
11462,98,2,________5C4DAH2S,______KC__KDKHKS,______QH__QSQCQD,______JC__JHJDJS,______TD__TSTCTH,______9S__9H9D9C,______8H__8S8C8D,______7C__7D7H7S,______6H__6S6C6D,______5S__5D5H__,______4H__4S____,______3S__3H____,______2H________,,,,,,,,,,
11475,99,1,________________,5C8H9S3C8S6D9DTC,TDKHQSJC5DQH8CKS,4C7S2S4H3H4D7CTH,AS2D6SADJD5H2HJS,9C3SQD7H4SAH6H9H,KCKD5S2C8D6CACQC,TS7D3DJH________,,,,,,,,,,,,,,,
11476,99,2,________AC______,5C8H9S3C8S6D9DTC,TDKHQSJC5DQH8CKS,4C7S2S4H3H4D7CTH,AS2D6SADJD5H2HJS,9C3SQD7H4SAH6H9H,KCKD5S2C8D6C__QC,TS7D3DJH________,,,,,,,,,,,,,,,
11477,99,3,________AC______,5C8H9S3C8S6D9DTC,TDKHQSJC5DQH8CKS,4C7S2S4H3H4D7CTH,AS2D6SADJD5H2HJS,9C3SQD7H4SAH6H9H,KCKD5S2C8D6C__QC,TS7D3D________JH,,,,,,,,,,,,,,,
11544,99,2,________4C5D3H4S,__KH__KC__KSKD__,__QS__QH__QDQC__,__JD__JC__JSJH__,__TC__TH__TDTS__,__9H__9C__9S9D__,__8S__8D__8H8C__,__7H__7C__7S7D__,__6S__6D__6H6C__,______5C__5S5H__,______4H________,,,,,,,,,,,,
11555,100,1,________________,QD5DJH4C9DQS3S8C,7DAH8DQC6DAD3H5H,JS2H4D7C2S9HJC8H,KS7SJDTC3CKHAS4H,TD6STS5S6H6C5C9C,KC4S8S9SACTH7H2D,QH3DKD2C________,,,,,,,,,,,,,,,
11556,100,2,________AC______,QD5DJH4C9DQS3S8C,7DAH8DQC6DAD3H5H,JS2H4D7C2S9HJC8H,KS7SJDTC3CKHAS4H,TD6STS5S6H6C5C9C,KC4S8S9S__TH7H2D,QH3DKD2C________,,,,,,,,,,,,,,,
11557,100,3,________2C______,QD5DJH4C9DQS3S8C,7DAH8DQC6DAD3H5H,JS2H4D7C2S9HJC8H,KS7SJDTC3CKHAS4H,TD6STS5S6H6C5C9C,KC4S8S9S__TH7H2D,QH3DKD__________,,,,,,,,,,,,,,,
11625,100,2,________5C4D2H2S,____KC__KSKDKH__,____QH__QDQSQC__,____JC__JSJDJH__,____TH__TDTSTC__,____9S__9C9H9D__,____8D__8H8S8C__,____7C__7S7H7D__,____6H__6D6C6S__,____5S____5H5D__,____4H____4S____,____3S____3H____,,,,,,,,,,,
11637,101,1,________________,TH9DAC2C7DQD8D6D,KH5CAD7S9C4HTD3S,9H5DKC3C9STS6HJS,ASJD7CJH2DQS8CJC,4D6C3H4C4STCKS3D,6S5S8H5HAH2HQH8S,QC2SKD7H________,,,,,,,,,,,,,,,
11638,101,2,____________AH__,TH9DAC2C7DQD8D6D,KH5CAD7S9C4HTD3S,9H5DKC3C9STS6HJS,ASJD7CJH2DQS8CJC,4D6C3H4C4STCKS3D,6S5S8H5H__2HQH8S,QC2SKD7H________,,,,,,,,,,,,,,,
11639,101,3,____________2H__,TH9DAC2C7DQD8D6D,KH5CAD7S9C4HTD3S,9H5DKC3C9STS6HJS,ASJD7CJH2DQS8CJC,4D6C3H4C4STCKS3D,6S5S8H5H____QH8S,QC2SKD7H________,,,,,,,,,,,,,,,
11707,101,2,________ACAD3H4S,KH__KSKD______KC,QC__QDQS______QH,JH__JSJD______JC,TC__TDTS______TH,9H__9C9D______9S,8S__8D8C______8H,7H__7S7D______7C,6S__6H6C______6D,5H__5C5D______5S,4C__4H________4D,3D____________3C,2C____________2D,,,,,,,,,,
11720,102,1,________________,AHJH9HKH2DKS5C3D,TCQHAS9C6H7CQS5D,2H7D7H6D4CTHAC3C,KDJS2S8D8C9D6S4S,ADTS8S4DKCQCQD4H,TDJD8H3H6C2CJC9S,3S5H5S7S________,,,,,,,,,,,,,,,
11721,102,2,3S______________,AHJH9HKH2DKS5C3D,TCQHAS9C6H7CQS5D,2H7D7H6D4CTHAC3C,KDJS2S8D8C9D6S4S,ADTS8S4DKCQCQD4H,TDJD8H3H6C2CJC9S,__5H5S7S________,,,,,,,,,,,,,,,
11722,102,3,3S______________,AHJH9HKH2DKS5C3D,TCQHAS9C6H7CQS5D,2H7D7H6D4CTHAC3C,KDJS2S8D8C9D6S4S,ADTS8S4DKCQCQD4H,__JD8H3H6C2CJC9S,__5H5S7S____TD__,,,,,,,,,,,,,,,
11799,102,2,________4C2D4H3S,KDKC__KH__KS____,QCQH__QS__QD____,JDJS__JH__JC____,TCTH__TS__TD____,9D9C__9H__9S____,8S8D__8C__8H____,7H7C__7D__7S____,6S6H__6C__6D____,5H5C__5D__5S____,4S________4D____,3D______________,,,,,,,,,,,
11811,103,1,________________,7DTS9C8H4S2C6S4H,2HJS8S8DJHQC9SJC,TC3C9DTD6H2S9HTH,AHJD6CAD3H3D6D7S,AC2D5D4DKD3SASKS,QSQHKH8C5H7HKC4C,7C5S5CQD________,,,,,,,,,,,,,,,
11812,103,2,KC______________,7DTS9C8H4S2C6S4H,2HJS8S8DJHQC9SJC,TC3C9DTD6H2S9HTH,AHJD6CAD3H3D6D7S,AC2D5D4DKD3SASKS,QSQHKH8C5H7H__4C,7C5S5CQD________,,,,,,,,,,,,,,,
11813,103,3,KC____________AS,7DTS9C8H4S2C6S4H,2HJS8S8DJHQC9SJC,TC3C9DTD6H2S9HTH,AHJD6CAD3H3D6D7S,AC2D5D4DKD3S__KS,QSQHKH8C5H7H__4C,7C5S5CQD________,,,,,,,,,,,,,,,
11815,103,2,________________,7DTS9C8H4S2C6S4H,2HJS8S8DJHQC9SJC,TC3C9DTD6H2S9HTH,AHJD6CAD3H3D6D7S,AC2D5D4DKD3SASKS,QSQHKH8C5H7HKC4C,7C5S5CQD________,,,,,,,,,,,,,,,
11816,103,3,7C______________,7DTS9C8H4S2C6S4H,2HJS8S8DJHQC9SJC,TC3C9DTD6H2S9HTH,AHJD6CAD3H3D6D7S,AC2D5D4DKD3SASKS,QSQHKH8C5H7HKC4C,__5S5CQD________,,,,,,,,,,,,,,,
11824,103,3,KC______________,7DTS9C8H4S2C6S4H,2HJS8S8DJHQC9SJC,TC3C9DTD6H2S9HTH,AHJD6CAD3H3D6D7S,AC2D5D4DKD3SASKS,QSQHKH8C5H7H__4C,7C5S5CQD________,,,,,,,,,,,,,,,
11888,103,2,________4C3D3H2S,________KCKSKHKD,________QHQDQSQC,________JSJCJHJD,________TDTHTSTC,________9C9S9H9D,________8H8D8C8S,________7C7S7H7D,________6H6D6S6C,________5S5C5H5D,________4H4D__4S,__________3S____,,,,,,,,,,,
11900,104,1,________________,3CKSQD8S2CQH8H8D,4HKD6SJDJS9DTC7D,2DQCACAD3DJC2S4D,ASTH6C4S7H3S7C6H,7S6DTSAH5C8C3H2H,JH9H5S9S5HQSKHTD,5D9C4CKC________,,,,,,,,,,,,,,,
11901,104,2,________________,3CKSQD8S2CQH8H8D,4HKD6SJDJS9DTC7D,2DQCACAD3DJC2S4D,ASTH6C4S7H3S7C6H,7S6DTSAH5C8C3H2H,JH9H5S9S5HQSKHTD,5D9C__KC4C______,,,,,,,,,,,,,,,
11902,104,3,________________,3CKSQD8S2CQH8H8D,4HKD6SJDJS9DTC7D,2DQCACAD3DJC2S4D,ASTH6C4S7H3S7C6H,7S6DTSAH5C8C3H2H,JH9H5S9S5H__KHTD,5D9C__KC4C__QS__,,,,,,,,,,,,,,,
11903,104,2,________________,3CKSQD8S2CQH8H8D,4HKD6SJDJS9DTC7D,2DQCACAD3DJC2S4D,ASTH6C4S7H3S7C6H,7S6DTSAH5C8C3H2H,JH9H5S9S5HQSKHTD,5D9C4CKC________,,,,,,,,,,,,,,,
11904,104,3,________________,3CKSQD8S2CQH8H8D,4HKD6SJDJS9DTC7D,2DQCACAD3DJC2S4D,ASTH6C4S7H3S7C6H,7S6DTSAH5C8C3H2H,JH9H5S9S5H__KHTD,5D9C4CKC____QS__,,,,,,,,,,,,,,,
11989,104,2,________2CAD2H2S,KCKS____KDKH____,QDQH____QCQS____,JCJS____JDJH____,TDTH____TCTS____,9C9S____9H9D____,8D8H____8S8C____,7S7C____7H7D____,6H6D____6C6S____,5S5C____5H5D____,4H4D____4S4C____,3C3S____3D3H____,2D______________,,,,,,,,,,
12002,105,1,________________,8C3S3DKSJC9H6S5H,9DKC3H5D8HTCJHQH,4HTDTH2S4C5C2D8D,JS7S4D9CTS3C8SAD,6D7DJDQC9S6HQDAC,QSKH2CKDAH5S7CAS,6C7H2H4S________,,,,,,,,,,,,,,,
12003,105,2,________________,8C3S3DKSJC9H6S5H,9DKC3H5D8HTCJHQH,4HTDTH2S4C5C2D8D,JS7S4D9CTS3C8SAD,6D7DJDQC9S6HQDAC,QSKH2CKDAH5S7CAS,__7H2H4S________,__6C____________,,,,,,,,,,,,,,
12004,105,3,____________AH__,8C3S3DKSJC9H6S5H,9DKC3H5D8HTCJHQH,4HTDTH2S4C5C2D8D,JS7S4D9CTS3C8SAD,6D7DJDQC9S6HQDAC,QSKH2CKD__5S7CAS,__7H2H4S________,__6C____________,,,,,,,,,,,,,,
12074,105,2,________4C3D4H3S,____KHKS__KDKC__,____QSQH__QCQD__,____JDJS__JHJC__,____TSTD__TCTH__,____9D9S__9H9C__,____8C8H__8S8D__,____7D7S__7H7C__,____6C6D__6S6H__,____5D5C__5H5S__,__________4S4D__,,,,,,,,,,,,
12085,106,1,________________,5H4S7D7H9SJDKD7S,TC2H5CTH8H2STDKC,2D5DAS6CKH8D6S9D,7C6HJCAH9H4C3D9C,8S5SAD2CQDJH3CQS,JSTSKSQC3S8CAC4D,4H6D3HQH________,,,,,,,,,,,,,,,
12086,106,2,________AC______,5H4S7D7H9SJDKD7S,TC2H5CTH8H2STDKC,2D5DAS6CKH8D6S9D,7C6HJCAH9H4C3D9C,8S5SAD2CQDJH3CQS,JSTSKSQC3S8C__4D,4H6D3HQH________,,,,,,,,,,,,,,,
12087,106,3,3H______AC______,5H4S7D7H9SJDKD7S,TC2H5CTH8H2STDKC,2D5DAS6CKH8D6S9D,7C6HJCAH9H4C3D9C,8S5SAD2CQDJH3CQS,JSTSKSQC3S8C__4D,4H6D__QH________,,,,,,,,,,,,,,,
12203,106,2,________________,5H4S7D7H9SJDKD7S,TC2H5CTH8H2STDKC,2D5DAS6CKH8D6S9D,7C6HJCAH9H4C3D9C,8S5SAD2CQDJH3CQS,JSTSKSQC3S8CAC4D,4H6D3HQH________,,,,,,,,,,,,,,,
12204,106,3,________AC______,5H4S7D7H9SJDKD7S,TC2H5CTH8H2STDKC,2D5DAS6CKH8D6S9D,7C6HJCAH9H4C3D9C,8S5SAD2CQDJH3CQS,JSTSKSQC3S8C__4D,4H6D3HQH________,,,,,,,,,,,,,,,
12297,106,2,________4C4D3H2S,____KSKH____KDKC,____QDQS____QCQH,____JCJD____JHJS,____TDTS____TCTH,____9S9D____9H9C,____8H8C____8S8D,____7C7H____7D7S,____6D6C____6S6H,____5C5D____5H5S,____4H4S________,____3S__________,,,,,,,,,,,
12309,107,1,________________,8H2HTS3S6SQS6D8S,TDAHTH2SJCAD3CKC,5S5HTCJS7S7DAS9C,5CKS9H9S5D7CKDQD,3D2C9D7H6H4CJD6C,4D4H2D3H4S8DQCJH,ACKHQH8C________,,,,,,,,,,,,,,,
12310,107,2,________________,8H2HTS3S6SQS6D8S,TDAHTH2SJCAD3CKC,5S5HTCJS7S7DAS9C,5CKS9H9S5D7CKDQD,3D2C9D7H6H4CJD6C,4D4H2D3H4S8D__JH,ACKHQH8C________,__QC____________,,,,,,,,,,,,,,
12311,107,3,________________,8H2HTS3S6SQS6D8S,TDAHTH2SJCAD3CKC,5S5HTCJS7S7DAS9C,5CKS9H9S5D7CKDQD,3D2C9D7H6H4CJD6C,4D4H2D3H4S8D____,ACKHQH8C________,__QC____________,__JH____________,,,,,,,,,,,,,
12387,107,2,________2C3D2H3S,KH__KCKS__KD____,QC__QHQD__QS____,JH__JCJS__JD____,TS__TDTH__TC____,9D__9C9S__9H____,8C__8H8D__8S____,7H__7S7C__7D____,6S__6H6D__6C____,5H__5S5C__5D____,4C__4H4D__4S____,______3C__3H____,,,,,,,,,,,
12399,108,1,________________,JC8S9D6DACTHTCJS,KDQD6SKSQC8D4D2D,TSAHTD8HKCKH9S7C,6C3H4C5DJH3S5H2C,3D7D9C4S5C5S7H2H,AD3C9HAS2S8CJDQH,6H4HQS7S________,,,,,,,,,,,,,,,
12400,108,2,7S______________,JC8S9D6DACTHTCJS,KDQD6SKSQC8D4D2D,TSAHTD8HKCKH9S7C,6C3H4C5DJH3S5H2C,3D7D9C4S5C5S7H2H,AD3C9HAS2S8CJDQH,6H4HQS__________,,,,,,,,,,,,,,,
12401,108,3,7S____________AS,JC8S9D6DACTHTCJS,KDQD6SKSQC8D4D2D,TSAHTD8HKCKH9S7C,6C3H4C5DJH3S5H2C,3D7D9C4S5C5S7H2H,AD3C9H__2S8CJDQH,6H4HQS__________,,,,,,,,,,,,,,,
12471,108,2,________4C6D5H5S,KS____KHKC__KD__,QD____QCQH__QS__,JC____JDJS__JH__,TH____TSTD__TC__,9S____9D9C__9H__,8D____8S8H__8C__,7S____7H7C__7D__,6H____6S____6C__,5C______________,,,,,,,,,,,,,
12481,109,1,________________,KH3C2H4S2D6SAHKD,AC5S8D9C3HTDJH3S,4H7H9H6C9D8CJSKC,9S5DQSJCTSJD7DAD,4D5CTC4C7S2C5HKS,QD2STHQC6D8S8HAS,6H3DQH7C________,,,,,,,,,,,,,,,
12482,109,2,______________AS,KH3C2H4S2D6SAHKD,AC5S8D9C3HTDJH3S,4H7H9H6C9D8CJSKC,9S5DQSJCTSJD7DAD,4D5CTC4C7S2C5HKS,QD2STHQC6D8S8H__,6H3DQH7C________,,,,,,,,,,,,,,,
12483,109,3,KS____________AS,KH3C2H4S2D6SAHKD,AC5S8D9C3HTDJH3S,4H7H9H6C9D8CJSKC,9S5DQSJCTSJD7DAD,4D5CTC4C7S2C5H__,QD2STHQC6D8S8H__,6H3DQH7C________,,,,,,,,,,,,,,,
12550,109,2,________3C4D2H2S,____QS__KS__KHKD,____JD__QD__QC3S,____TS__JC__JHKC,____9D__TH__TCQH,____8C__9S__9HJS,____7H__8H__8STD,____6S__7S__7D9C,____5D__6D__6C8D,____4C__5C__5H7C,____3H__4H__4S6H,______________5S,,,,,,,,,,,
12565,109,2,________5C6D4H3S,KC______KS__KHKD,QH______QD__QCQS,JS______JC__JHJD,TD______TH__TCTS,9C______9S__9H9D,8D______8H__8S8C,7C______7S__7D7H,6H__________6C6S,5S__________5H__,____________4S__,,,,,,,,,,,,
12576,110,1,________________,QHQD3SJHJCAHKSKC,7S6STSTC2S7CAS4H,6CKH9S4C6H7HJD9H,2C2HKDAD9C5HQC6D,JS5S9D8S8H2DAC5D,3D3CQS8C4D8D5C7D,TDTH3H4S________,,,,,,,,,,,,,,,
12577,111,1,________________,AS7C3D2SAD9SKSJD,5HJSJHQS5D3H4H6H,8D6S8SQCACQD5S5C,QH7SKC4D2D7DAH6D,TH6C2C9C8H7HKDTS,4S3S2HKH4C9D3CJC,TD9H8CTC________,,,,,,,,,,,,,,,
12578,111,2,________________,AS7C3D2SAD9SKSJD,5HJSJHQS5D3H4H6H,8D6S8SQCACQD5S5C,QH7SKC4D2D7DAH6D,TH6C2C9C8H7HKDTS,4S3S2HKH4C9D3CJC,__9H8CTC______TD,,,,,,,,,,,,,,,
12579,111,3,________________,AS7C3D2SAD9SKSJD,5HJSJHQS5D3H4H6H,8D6S8SQCACQD5S5C,QH7SKC4D2D7DAH6D,TH6C2C9C8H7HKDTS,4S3S2HKH4C9D3CJC,____8CTC______TD,______9H________,,,,,,,,,,,,,,
12661,111,2,________4C3D3H2S,__KD__KH____KSKC,__QC__QS____QHQD,__JH__JD____JSJC,__TC__TS____THTD,__9H__9D____9S9C,__8C__8S____8H8D,__7H__7D____7S7C,__6C__6S____6D6H,__5H__5D____5C5S,______4S____4H4D,____________3S__,,,,,,,,,,,
12673,112,1,________________,QHQD3SJHJCAHKSKC,7S6STSTC2S7CAS4H,6CKH9S4C6H7HJD9H,2C2HKDAD9C5HQC6D,JS5S9D8S8H2DAC5D,3D3CQS8C4D8D5C7D,TDTH3H4S________,,,,,,,,,,,,,,,
12674,112,2,________________,QHQD3SJHJCAHKSKC,7S6STSTC2S7CAS4H,6CKH9S4C6H7HJD9H,2C2HKDAD9C5HQC6D,JS5S9D8S8H2DAC5D,3D3CQS8C4D8D5C7D,TDTH3H4S________,,,,,,,,,,,,,,,
12675,112,3,5C______________,QHQD3SJHJCAHKSKC,7S6STSTC2S7CAS4H,6CKH9S4C6H7HJD9H,2C2HKDAD9C5HQC6D,JS5S9D8S8H2DAC5D,3D3CQS8C4D8D__7D,TDTH3H4S________,,,,,,,,,,,,,,,
12844,112,2,________3C6D2H5S,KH______KD__KSKC,QC______QS__QHQD,JD______JH__JCJS,TC______TS__TDTH,9D______9H__9C9S,8C______8S__8H8D,7D______7H__7C7S,6C______6S__6H__,5H__________5C__,4C__________4H__,3H______________,,,,,,,,,,,
12856,113,1,________________,2SQC2CAC9HKH9CTC,6SAD8HJSKSAH4S8D,JCKD7D2H7S5H5S5D,6D3C4DKC9S4CQD8S,QS2D3H5CTS7HAS7C,TD6C3DJDTH4H3S9D,6HJHQH8C________,,,,,,,,,,,,,,,
12857,113,2,________________,2SQC2CAC9HKH9CTC,6SAD8HJSKSAH4S8D,JCKD7D2H7S5H5S5D,6D3C4DKC9S4CQD8S,QS2D3H5CTS7HAS7C,TD6C3DJDTH4H__9D,6HJHQH8C__3S____,,,,,,,,,,,,,,,
12858,113,3,______________AS,2SQC2CAC9HKH9CTC,6SAD8HJSKSAH4S8D,JCKD7D2H7S5H5S5D,6D3C4DKC9S4CQD8S,QS2D3H5CTS7H__7C,TD6C3DJDTH4H__9D,6HJHQH8C__3S____,,,,,,,,,,,,,,,
12869,113,2,________________,2SQC2CAC9HKH9CTC,6SAD8HJSKSAH4S8D,JCKD7D2H7S5H5S5D,6D3C4DKC9S4CQD8S,QS2D3H5CTS7HAS7C,TD6C3DJDTH4H3S9D,6HJHQH8C________,,,,,,,,,,,,,,,
12870,113,3,________________,2SQC2CAC9HKH9CTC,6SAD8HJSKSAH4S8D,JCKD7D2H7S5H5S5D,6D3C4DKC9S4CQD8S,QS2D3H5CTS7HAS7C,TD6C3DJDTH4H3S9D,6HJHQH8C________,,,,,,,,,,,,,,,
12941,113,2,________2C3D4H5S,__KDKSKC__KH____,__QSQDQH__QC____,__JDJCJS__JH____,__TCTDTH__TS____,__9D9C9S__9H____,__8S8D8H__8C____,__7D7C7S__7H____,__6S6D6H__6C____,__5D__5C__5H____,______4D__4C____,______3C________,,,,,,,,,,,
12953,114,1,________________,2H7SKH5C4S6S7D8C,QD8D9D8H2CJDADAH,TD6DTH7H4HACQS7C,3HJSJCKS3SKC9C4D,JHASQC5S2S2D6H9H,6CTS5H9SKD8S5DQH,3C3D4CTC________,,,,,,,,,,,,,,,
12954,114,2,3C______________,2H7SKH5C4S6S7D8C,QD8D9D8H2CJDADAH,TD6DTH7H4HACQS7C,3HJSJCKS3SKC9C4D,JHASQC5S2S2D6H9H,6CTS5H9SKD8S5DQH,__3D4CTC________,,,,,,,,,,,,,,,
12955,114,3,3C______________,2H7SKH5C4S6S7D8C,QD8D9D8H2CJDADAH,TD6DTH7H4HACQS7C,3HJSJCKS3SKC9C4D,JHASQC5S2S2D6H9H,6CTS5H9SKD8S__QH,5D3D4CTC________,,,,,,,,,,,,,,,
12993,114,3,3C______________,2H7SKH5C4S6S7D8C,QD8D9D8H2CJDADAH,TD6DTH7H4HACQS7C,3HJSJCKS3SKC9C4D,JHASQC5S2S2D6H9H,6CTS5H9SKD8S5DQH,__3D4CTC________,,,,,,,,,,,,,,,
13066,114,2,________2C6D2H4S,5CKDKH____KSKC__,__QCQS____QDQH__,__JHJD____JSJC__,__TCTS____TDTH__,__9D9H____9S9C__,__8S8C____8H8D__,__7H7D____7C7S__,__6C6S____6H____,____5H____5S____,____4C____4H____,____3H____3C____,N   3CFF5D6C4C5D3D4CTSFFASGGJSQH6HFF6DFF8D9C7S8D6D7SKDZZ2SGG3SGG3C4H5HFFQCKDB164C5D3D4CTSFFASGGJSQDJSQH6HFF6DFF8D9C7S8D6D7SKDZZ2SGG3SGG3C4H5HFFQCKDJCFFTHJS8S9D2D3CB225H6C3D4CQCKDJCQHTHJC9DTCTSFFASGG8S9D5DFF6HFF9CTHQSKHADGG2DGG7D8SKCZZACGGJDQSTSJD6S7D5D6SJSZZ6DFF8D9C7S8D8DZZ6D7STHJSQHKCTHJC8D9C9HTS3DGG4DGG5DGG6DGG7CFFAHGG8C9HKDZZ2SGG3SGG4HFF2CGG4SGG5H6S7CZZ6H7CJSFF4HZZ3C4H7D8C6CFFJHQCTCJH3H4CTDFFJSQDTDJS9STD5S6H4H5SKSZZQDKS7H8S8H9S5CFF7C8H2HGG6C7H5CZZW   ,,,,,,,,,,
